Title,Release Date,Language,Vote Average,Popularity
Azad,29-09-2000,Telugu,5.8,0.9834
Badri,20-04-2000,Telugu,5.9,0.5487
Devullu,09-11-2000,Telugu,8,0.371
Yuvaraju,14-04-2000,Telugu,7.8,0.2645
Sammakka Sarakka,15-01-2000,Telugu,0,0.2676
Vamsodharakudu,14-01-2000,Telugu,6,0.2433
Ninne Premistha,14-09-2000,Telugu,5,0.3251
Tirumala Tirupati Venkatesa,21-12-2000,Telugu,0,0.3253
Chiru Navvuto,10-11-2000,Telugu,7.5,0.2687
Nuvve Kavali,13-10-2000,Telugu,6.8,0.349
Nuvvu Vastavani,05-04-2000,Telugu,6.2,0.2706
Kalisundam Raa,14-01-2000,Telugu,7.2,0.2655
Vamsi,04-10-2000,Telugu,4.8,0.2156
Kodanda Ramudu,01-01-2000,Telugu,6,0.1858
Chala Bagundi,18-02-2000,Telugu,4,0.229
Chitram,25-05-2000,Telugu,5.5,0.1646
Dollar Dreams,02-01-2000,Telugu,6.5,0.2177
Manoharam,13-05-2000,Telugu,6.5,0.1704
Jayam Manadera,07-10-2000,Telugu,6,0.1793
Goppinti Alludu,21-07-2000,Telugu,0,0.149
Manasunna Maraju,01-01-2000,Telugu,0,0.1368
Kshemanga Velli Labhamga Randi,04-02-2000,Telugu,7.2,0.1649
Okkadu Chaalu,01-01-2000,Telugu,0,0.1448
Mechanic Mavayya,14-10-2000,Telugu,0,0.1452
Annayya,07-01-2000,Telugu,5,0.2647
Ravanna,03-03-2000,Telugu,0,0.1726
Bagunnara?,08-05-2000,Telugu,10,1.3046
Moodu Mukkalaata,01-09-2000,Telugu,0,0.156
Yuvakudu,01-01-2000,Telugu,6,0.1091
Hands Up,09-02-2000,Telugu,6,0.092
Oke Maata,01-01-2000,Telugu,0,0.1286
Ammo! Okato Tareekhu,20-10-2000,Telugu,8.5,0.0716
Bachi,09-11-2000,Telugu,0,0.0867
Kouravudu,28-07-2000,Telugu,0,0.0377
Murari,17-02-2001,Telugu,6.4,3.9935
Khushi,26-04-2001,Telugu,5.5,1.8135
Nuvvu Naaku Nachav,06-09-2001,Telugu,7.2,0.655
Sri Manjunatha,22-06-2001,Telugu,6.3,0.4191
Student No. 1,27-09-2001,Telugu,5.5,0.4002
Ammo Bomma,04-05-2001,Telugu,0,0.2206
Priyamaina Neeku,11-02-2001,Telugu,6.5,0.2687
Daddy,03-10-2001,Telugu,6.2,0.3365
Manasantha Nuvve,19-10-2001,Telugu,7.5,0.397
Budget Padmanabham,09-03-2001,Telugu,7,0.2597
Bhalevadivi Basu,15-06-2001,Telugu,3,0.3038
Anandam,28-09-2001,Telugu,8.25,0.3029
Akasa Veedhilo,23-08-2001,Telugu,7,0.1982
Hanuman Junction,21-12-2001,Telugu,6.8,0.2729
Narasimha Naidu,11-01-2001,Telugu,7,0.2233
Ammayi Kosam,18-05-2001,Telugu,9,0.1988
Simharasi,06-07-2001,Telugu,0,0.2268
Family Circus,01-06-2001,Telugu,7,0.1958
Mrugaraju,11-01-2001,Telugu,5.3,0.2898
6 Teens,16-03-2001,Telugu,0,0.2326
Cheppalani Vundhi,23-08-2001,Telugu,0,0.2414
Itlu Sravani Subramanyam,14-09-2001,Telugu,5.5,0.2037
Nuvvu Nenu,10-08-2001,Telugu,5,0.2049
Tholi Valapu,21-12-2001,Telugu,0,0.1243
Chiranjeevulu,21-09-2001,Telugu,0,0.1858
Devi Putrudu,14-01-2001,Telugu,5.2,0.1302
Subbu,21-12-2001,Telugu,3.5,0.1315
Raa,01-11-2001,Telugu,0,0.1592
Ninnu Choodalani,23-05-2001,Telugu,6,0.0828
Sampangi,13-07-2001,Telugu,0,0.1081
Premato Raa,09-05-2001,Telugu,4,0.0717
Maa Aavida Meeda Ottu Mee Aavida Chala Manchidi,02-02-2001,Telugu,0,0.1016
Eduruleni Manishi,30-03-2001,Telugu,6,0.1166
Snehamante Idera,26-10-2001,Telugu,5,0.1341
Time Pass,01-05-2001,Telugu,0,0.0806
Naalo Unna Prema,01-09-2001,Telugu,0,0.0835
Bava Nachadu,07-06-2001,Telugu,0,0.1183
Preminchu,11-04-2001,Telugu,0,0.0445
Maa Pelliki Randi,20-03-2001,Telugu,8.3,0.0409
Aadi,28-03-2002,Telugu,5.8,1.1155
Jayam,14-06-2002,Telugu,6.4,0.5838
Indra,24-07-2002,Telugu,6.1,0.6249
Sontham,23-08-2002,Telugu,5.333,0.3046
Seema Simham,10-01-2002,Telugu,4.5,0.3197
Khadgam,29-11-2002,Telugu,7,0.4201
Gemeni,11-10-2002,Telugu,5.2,0.1888
Manmadhudu,20-12-2002,Telugu,7,0.2419
Takkari Donga,12-01-2002,Telugu,6.4,0.2404
Nuvvu Leka Nenu Lenu,14-01-2002,Telugu,6,0.2794
Vasu,10-04-2002,Telugu,7,0.2469
Bobby,31-10-2002,Telugu,3.1,0.2934
Chennakesava Reddy,22-09-2002,Telugu,5.5,0.2681
Kalusukovalani,08-02-2002,Telugu,6,0.2288
Idiot,22-08-2002,Telugu,5.5,0.2366
Avunu Valliddaru Ishtapaddaru!,02-08-2002,Telugu,6.8,0.1733
Nee Sneham,02-12-2002,Telugu,4,0.2065
Aaduthu Paaduthu,04-04-2002,Telugu,6,0.2593
Premaku Swagatam,18-01-2002,Telugu,0,0.1328
Nuvve... Nuvve...,10-10-2002,Telugu,5.8,0.2625
Sandade Sandadi,13-12-2002,Telugu,0,0.1588
Allari,10-05-2002,Telugu,6.7,0.1985
Dhanalaxmi I Love You,18-10-2002,Telugu,5,0.1504
Santosham,09-05-2002,Telugu,7.8,0.2184
O Chinadaana,25-01-2002,Telugu,6,0.1501
Thotti Gang,06-12-2002,Telugu,6,0.1452
Allari Ramudu,18-07-2002,Telugu,4.5,0.1241
Sreeram,21-06-2002,Telugu,0,0.1877
"The Rite, a Passion",01-01-2002,Telugu,7.5,0.0678
Hrudayanjali,01-01-2002,Telugu,0,0.0603
Action No. 1,15-02-2002,Telugu,0,0.0844
Manasunte Chalu,02-05-2002,Telugu,0,0.1465
Trinetram,01-01-2002,Telugu,0,0.0798
Neethone Vuntanu,01-02-2002,Telugu,0,0.1034
Nee Thodu Kavali,28-03-2002,Telugu,0,0.0584
Show,13-09-2002,Telugu,6.8,0.0297
Siva Rama Raju,01-11-2002,Telugu,0,0.0578
Lahiri Lahiri Lahirilo,01-05-2002,Telugu,0,0.0261
Mounamelanoye,25-04-2002,Telugu,0,0.0071
Aithe,11-04-2003,Telugu,5.9,0.7213
Simhadri,09-07-2003,Telugu,6.3,0.639
Okkadu,15-01-2003,Telugu,7.2,0.4516
Johnny,25-04-2003,Telugu,5.5,0.3036
Okariki Okaru,09-10-2003,Telugu,0,0.3526
Amma Nanna O Tamila Ammayi,19-04-2003,Telugu,6.3,0.4051
Ela Cheppanu,10-02-2003,Telugu,4.7,0.2909
Tagore,24-09-2003,Telugu,6.3,0.403
Raghavendra,28-03-2003,Telugu,4.1,0.2789
Vishnu,03-10-2003,Telugu,0,0.2707
Gangotri,28-03-2003,Telugu,5,0.419
Maa Alludu Very Good,03-03-2003,Telugu,5,0.1997
Nijam,24-05-2003,Telugu,6.2,0.3255
Kabaddi Kabaddi,16-02-2003,Telugu,5,0.2057
Neeku Nenu Naaku Nuvvu,15-08-2003,Telugu,4,0.202
Naaga,10-01-2003,Telugu,4,0.1802
Sambaram,31-07-2003,Telugu,5.7,0.1771
Ninne Ishtapaddanu,13-06-2003,Telugu,5,0.2396
Donga Ramadu and Party,26-06-2003,Telugu,6,0.2023
Kalyana Ramudu,18-07-2003,Telugu,5,0.2277
Dongodu,07-08-2003,Telugu,4.8,0.1803
Seetayya,22-08-2003,Telugu,6,0.2267
Neeke Manasichanu,12-12-2003,Telugu,0,0.1543
Vasantham,11-07-2003,Telugu,5.5,0.2277
Pellam Oorelithe,15-01-2003,Telugu,5,0.2268
Appudappudu,16-05-2003,Telugu,0,0.2105
Ottesi Cheputunna,26-04-2003,Telugu,6,0.1431
Satyam,19-12-2003,Telugu,6.3,0.1823
Oka Raju Oka Rani,19-06-2003,Telugu,3,0.1187
Oka Radha Iddaru Krishnula Pelli,05-09-2003,Telugu,2,0.2397
Dil,03-04-2003,Telugu,6.2,0.2475
Missamma,01-05-2003,Telugu,8.2,0.1661
Ee Abbai Chala Manchodu,14-01-2003,Telugu,4.3,0.1589
Pranam,25-07-2003,Telugu,3,0.1331
Veede,06-11-2003,Telugu,6.5,0.127
Nenu Pelliki Ready,14-11-2003,Telugu,0,0.1039
Anaganaga O Kurradu,15-08-2003,Telugu,0,0.0831
Palnati Brahmanayudu,05-06-2003,Telugu,2.5,0.2162
Sivamani,23-10-2003,Telugu,4.8,0.172
Tiger Harischandra Prasad,31-12-2003,Telugu,0,0.0853
Golmaal,21-02-2003,Telugu,7,0.0993
Villain,23-11-2003,Telugu,0,0.0921
Pelli Kani Prasad,23-02-2003,Telugu,0,0.1116
Pellamto Panenti,12-09-2003,Telugu,0,0.065
Idhi Maa Ashokgaadi Love Story,31-01-2003,Telugu,0,0.0698
Janaki Weds Sriram,12-09-2003,Telugu,5,0.094
Abhimanyu,17-06-2003,Telugu,0,0.0143
Pelli Kosam,10-06-2003,Telugu,0,0.0261
Sye,26-09-2004,Telugu,6.1,0.9577
Aarya,07-05-2004,Telugu,6.5,0.9809
Andhrawala,01-01-2004,Telugu,3.2,0.6029
Anand,15-10-2004,Telugu,6.4,0.5223
Venky,26-03-2004,Telugu,6.3,0.4607
Arjun,18-08-2004,Telugu,5.4,0.3489
Naa Autograph,11-08-2004,Telugu,6.6,0.3822
Naani,14-05-2004,Telugu,5.4,0.443
Varsham,14-01-2004,Telugu,6,0.4042
Gudumba Shankar,10-09-2004,Telugu,5,0.323
Adavi Ramudu,21-05-2004,Telugu,5.2,0.3139
143 (and I Miss You),27-08-2004,Telugu,6.5,0.2303
Anji,15-01-2004,Telugu,5,0.2213
Lakshmi Narasimha,14-01-2004,Telugu,7.5,0.1902
Sri Anjaneyam,24-07-2004,Telugu,3.6,0.2964
Mass,23-12-2004,Telugu,6.2,0.3594
Samba,12-06-2004,Telugu,4.4,0.3159
Malliswari,18-02-2004,Telugu,6.5,0.301
Shankar Dada MBBS,15-10-2004,Telugu,5.864,0.3101
Pedababu,30-04-2004,Telugu,0,0.1888
Donga Dongadi,06-08-2004,Telugu,4,0.2216
Swarabhishekam,01-11-2004,Telugu,6,0.1868
Nenunnanu,07-04-2004,Telugu,5,0.232
Mr & Mrs Sailaja Krishnamurthy,22-10-2004,Telugu,0,0.1466
Oka Pellam Muddu Rendo Pellam Vaddu,28-04-2004,Telugu,0,0.2222
Kushi Kushiga,16-04-2004,Telugu,7,0.165
Madhayanam Hathya,01-09-2004,Telugu,5,0.228
Puttintiki Raa Chelli,01-04-2004,Telugu,3,0.2692
Athade Oka Sainyam,23-01-2004,Telugu,0,0.1827
Anandamanandamaye,06-02-2004,Telugu,0,0.2221
Jai,24-03-2004,Telugu,0,0.2429
Intlo Srimathi Veedhilo Kumari,01-01-2004,Telugu,0,0.1533
Varam,01-01-2004,Telugu,0,0.1136
Vijayendra Varma,04-12-2004,Telugu,2.5,0.2451
Chanti,12-11-2004,Telugu,4,0.14
Leelamahal Centre,04-12-2004,Telugu,2,0.1543
Aa Naluguru,09-12-2004,Telugu,6.6,0.2016
Gowri,03-09-2004,Telugu,6,0.1199
Nenu,15-04-2004,Telugu,4,0.1959
Shatruvu,08-10-2004,Telugu,0,0.1379
Gharshana,30-07-2004,Telugu,6.9,0.2205
Yuvasena,12-11-2004,Telugu,0,0.2381
Sakhiya,02-12-2004,Telugu,4,0.1901
Konchem Touchlo Vunte Cheputanu,04-12-2004,Telugu,0,0.147
Ammayi Bagundi,26-05-2004,Telugu,5,0.267
Cheppave Chirugali,24-09-2004,Telugu,7,0.1588
Yagnam,02-07-2004,Telugu,5,0.1947
Sorry Naku Pellaindi,04-03-2004,Telugu,0,0.1296
Seenu Vasanthi Lakshmi,26-03-2004,Telugu,0,0.1111
Grahanam,12-10-2004,Telugu,7,0.0986
Suryam,02-12-2004,Telugu,4,0.1296
Swetha Naagu,20-02-2004,Telugu,0,0.0847
Aruguru Pativratalu,06-02-2004,Telugu,0,0.1066
Koduku,08-06-2004,Telugu,0,0.0389
IPS Jhansi,15-07-2004,Telugu,0,0.0429
Maa Ilavelpu,01-01-2004,Telugu,0,0.0143
Andagadu,01-04-2005,Telugu,6,0.6746
Athadu,10-08-2005,Telugu,7.1,0.7816
Chatrapathi,30-09-2005,Telugu,6.6,0.5255
Evadi Gola Vadide,21-01-2005,Telugu,6.7,0.3231
Nuvvostanante Nenoddantana,14-01-2005,Telugu,6.6,0.449
Radha Gopalam,23-02-2005,Telugu,5.5,0.3612
Naa Alludu,14-01-2005,Telugu,3.2,0.364
Bunny,06-04-2005,Telugu,4.9,0.4022
Bhadra,12-05-2005,Telugu,7.1,0.462
Narasimhudu,20-05-2005,Telugu,3.6,0.2913
A Film by Aravind,09-07-2005,Telugu,7,0.3254
Super,20-07-2005,Telugu,4.3,0.3093
Sada Mee Sevalo,25-03-2005,Telugu,3,0.1703
Jai Chiranjeeva,21-12-2005,Telugu,4.9,0.2426
Bhageeratha,05-10-2005,Telugu,5.3,0.2205
Balu,06-01-2005,Telugu,3.6,0.2133
Nuvvante Nakishtam,12-08-2005,Telugu,0,0.2879
Chakram,25-03-2005,Telugu,5.2,0.2564
Dhairyam,12-02-2005,Telugu,7.2,0.1851
Anukokunda Oka Roju,30-06-2005,Telugu,6.1,0.2226
Gowtham SSC,30-12-2005,Telugu,6.8,0.2041
Hungama,28-04-2005,Telugu,0,0.2179
Allari Bullodu,15-09-2005,Telugu,3.2,0.2287
Soggadu,31-03-2005,Telugu,5.3,0.1765
Danger,29-10-2005,Telugu,5.7,0.1429
Sankranthi,17-02-2005,Telugu,8,0.3184
Athanokkade,01-01-2005,Telugu,6.3,0.1987
Naa Oopiri,01-07-2005,Telugu,0,0.191
Kanchanamala Cable TV,09-07-2005,Telugu,10,0.2072
Mahanandi,03-12-2005,Telugu,4.7,0.21
Naidu LLB,01-01-2005,Telugu,0,0.1445
Andarivaadu,04-06-2005,Telugu,5,0.2306
Oray Pandu,11-02-2005,Telugu,0,0.1647
Vennela,26-11-2005,Telugu,6.2,0.1264
Modati Cinema,01-01-2005,Telugu,0,0.1004
Mogudu Pellam O Dongodu,07-09-2005,Telugu,3,0.0932
Sri,03-12-2005,Telugu,4.333,0.0836
Avunanna Kadanna,06-04-2005,Telugu,1.5,0.1567
Mr Errababu,05-05-2005,Telugu,0,0.0854
Adirindayya Chandram,01-01-2005,Telugu,6,0.0826
Political Rowdy,29-09-2005,Telugu,2,0.0681
Pandem,05-02-2005,Telugu,5,0.0967
Dhana 51,29-08-2005,Telugu,0,0.0256
123 from Amalapuram,19-08-2005,Telugu,5.818,0.0352
Meenakshi,18-11-2005,Telugu,0,0.0286
Moguds-Pellams,29-10-2005,Telugu,0,0.0143
Manasu Mata Vinadu,01-02-2005,Telugu,0,0.0143
Dhoolpet Police Station,07-07-2005,Telugu,0,0.0071
Pournami,20-04-2006,Telugu,5.2,0.8727
Pokiri,27-04-2006,Telugu,7.2,0.7812
Amma Cheppindi,28-07-2006,Telugu,0,2.1293
Boss,27-09-2006,Telugu,4,0.4307
Sri Ramadasu,31-03-2006,Telugu,5.1,0.5105
Stalin,14-12-2006,Telugu,4.9,0.3653
Vikramarkudu,23-06-2006,Telugu,6.5,0.4795
Godavari,19-05-2006,Telugu,6.4,0.3529
Vanaja,11-09-2006,Telugu,6.5,0.3461
Happy,27-01-2006,Telugu,6.419,0.4772
Rakhi,22-12-2006,Telugu,5.8,0.3464
Khatarnak,14-12-2006,Telugu,5.4,0.3995
Bommarillu,09-08-2006,Telugu,6.2,0.2504
Ranam,10-02-2006,Telugu,4.5,0.2613
Ashok,13-07-2006,Telugu,5.2,0.364
Pellaina Kothalo,08-12-2006,Telugu,6,0.2116
Kithakithalu,05-05-2006,Telugu,10,0.2899
Annavaram,29-12-2006,Telugu,4.2,0.2283
Lakshmi,14-01-2006,Telugu,4.8,0.2896
Devadasu,11-01-2006,Telugu,4.6,0.2946
Sainikudu,30-11-2006,Telugu,6.3,0.3292
Asadhyudu,26-02-2006,Telugu,8,0.1829
Sarada Saradaga,27-01-2006,Telugu,0,0.2005
Maayajaalam,05-12-2006,Telugu,0,0.2217
Shock,09-02-2006,Telugu,5.5,0.1673
Nandanavanam.. 120Kms,30-06-2006,Telugu,0,0.1285
Oka V Chitram,19-05-2006,Telugu,0,0.1283
Chinnodu,27-10-2006,Telugu,0,0.1797
Game,05-08-2006,Telugu,3,0.1526
Bhagyalakshmi Bumper Draw,16-11-2006,Telugu,4.5,0.1645
Kamli,01-03-2006,Telugu,0,0.135
Sri Krishna 2006,27-05-2006,Telugu,0,0.1434
10th Class,07-04-2006,Telugu,6,0.1871
Gopi Goda Meeda Pilli,16-11-2006,Telugu,5,0.1876
Hanumanthu,01-06-2006,Telugu,5,0.193
Style,12-01-2006,Telugu,5.5,0.0996
Veerabhadra,29-04-2006,Telugu,3,0.1757
Asthram,05-02-2006,Telugu,2.7,0.1678
Party,24-06-2006,Telugu,4,0.0694
Evandoi Sreevaru,12-05-2006,Telugu,4,0.0905
Chukkallo Chandrudu,14-01-2006,Telugu,4.5,0.1227
Seetharamudu,01-01-2006,Telugu,0,0.1964
Bommalata,01-06-2006,Telugu,0,0.0765
Raraju,20-10-2006,Telugu,3,0.0795
Maya Bazaar,23-11-2006,Telugu,5,0.0738
Kittu,21-07-2006,Telugu,0,0.0404
Dongodi Pelli,15-09-2006,Telugu,0,0.0646
Maa Iddari Madya,08-09-2006,Telugu,0,0.0143
Anumanam,16-03-2006,Telugu,0,0
Toss,14-07-2007,Telugu,0,0.6897
Dubai Seenu,07-06-2007,Telugu,5,0.4638
Athidhi,18-10-2007,Telugu,5.8,0.4188
Yamadonga,15-08-2007,Telugu,5.9,0.5248
Okkadunnadu,03-03-2007,Telugu,6.9,0.3323
Chirutha,28-09-2007,Telugu,4.5,0.4205
Munna,02-05-2007,Telugu,4.7,0.4315
Vijayadasami,21-09-2007,Telugu,0,0.2828
Aadavari Matalaku Ardhalu Verule,27-04-2007,Telugu,6.8,0.364
Aata,08-05-2007,Telugu,3.9,0.3008
Yogi,14-01-2007,Telugu,3.7,0.3432
Happy Days,28-09-2007,Telugu,6.2,0.3185
Shankar Dada Zindabad,27-07-2007,Telugu,4,0.2824
Desamuduru,12-01-2007,Telugu,5.5,0.5065
Dhee,13-04-2007,Telugu,6.3,0.2312
Tulasi,12-10-2007,Telugu,5.4,0.257
Don,20-12-2007,Telugu,5.6,0.2604
Nava Vasantham,09-11-2007,Telugu,6,0.2431
Jagadam,16-03-2007,Telugu,6,0.2573
Mantra,14-12-2007,Telugu,6.8,0.1943
Athili Sathibabu LKG,04-06-2007,Telugu,7.333,0.2356
Mee Sreyobhilashi,28-12-2007,Telugu,7,0.1533
Raju Bhai,18-05-2007,Telugu,5,0.2707
Anasuya,21-12-2007,Telugu,6,0.1736
Maisamma IPS,11-11-2007,Telugu,10,0.1423
Classmates,20-04-2007,Telugu,2,0.2193
Chandamama,07-09-2007,Telugu,5.3,0.2458
Lakshyam,06-07-2007,Telugu,5.5,0.1812
Sri Satyanarayana Swamy,01-01-2007,Telugu,0,0.1375
Operation Duryodhana,31-05-2007,Telugu,6,0.1859
Madhumasam,09-02-2007,Telugu,4,0.1196
Viyyalavari Kayyalu,01-11-2007,Telugu,0,0.1882
Maharadhi,01-02-2007,Telugu,2,0.166
Sri Mahalakshmi,04-05-2007,Telugu,0,0.0799
Anumanaspadam,10-02-2007,Telugu,6,0.1221
Hello Premistara,14-09-2007,Telugu,0,0.0722
Navvule Navvulu,07-07-2007,Telugu,0,0.1257
Bhayam,24-04-2007,Telugu,1,0.0389
Godava,04-04-2007,Telugu,7.5,0.0741
Highway,01-01-2007,Telugu,0,0.0071
Gamyam,29-02-2008,Telugu,6.2,0.8139
Pandurangadu,30-05-2008,Telugu,3,0.9159
Bujjigaadu: Made in Chennai,23-05-2008,Telugu,5.4,0.6941
Ready,19-06-2008,Telugu,5.433,0.4933
Jalsa,02-04-2008,Telugu,6.8,0.4591
Avakai Biryani,14-11-2008,Telugu,7.3,0.2872
King,25-12-2008,Telugu,4.8,0.2742
Krishna,12-01-2008,Telugu,5.8,0.2927
Bommana Brothers Chandana Sisters,18-04-2008,Telugu,4,0.3296
Neninthe,18-12-2008,Telugu,6.4,0.3752
Ullasanga Utsahanga,18-07-2008,Telugu,6.7,0.3058
Kantri,09-05-2008,Telugu,3.7,0.2955
Kotha Bangaru Lokam,09-10-2008,Telugu,6.3,0.2891
Premabhishekam,14-03-2008,Telugu,0,0.3998
Nachavule,19-12-2008,Telugu,7,0.2802
Appu Chesi Pappu Koodu,04-07-2008,Telugu,0,0.227
Bhale Dongalu,11-04-2008,Telugu,5.9,0.2499
Raksha,19-09-2008,Telugu,8,0.2342
Parugu,01-05-2008,Telugu,5.7,0.2776
Blade Babji,10-12-2008,Telugu,6.8,0.2408
Hero,24-10-2008,Telugu,7.1,0.1798
Aatadista,20-03-2008,Telugu,4.9,0.1862
Nagaram,06-03-2008,Telugu,0,0.2309
Gorintaku,04-07-2008,Telugu,0,0.167
Ontari,14-02-2008,Telugu,5.5,0.158
Okka Magaadu,11-01-2008,Telugu,3.6,0.2294
Homam,28-08-2008,Telugu,5,0.1666
Gaji Biji,08-08-2008,Telugu,0,0.2519
Vishaka Express,02-02-2008,Telugu,0,0.2393
Idhi Sangathi,22-02-2008,Telugu,0,0.4047
Chintakayala Ravi,02-10-2008,Telugu,5.2,0.1998
Vaana,15-01-2008,Telugu,4,0.1947
Mr. Medhavi,26-01-2008,Telugu,0,0.1123
Kalidasu,11-04-2008,Telugu,3,0.1296
Vinayakudu,21-11-2008,Telugu,5.4,0.1443
Deepavali,01-01-2008,Telugu,0,2.0339
Rainbow,03-10-2008,Telugu,0,0.1666
Swagatam,25-01-2008,Telugu,3.5,0.1665
Nenu Meeku Telusa...?,10-10-2008,Telugu,7.3,0.1261
Pidichirukku,14-01-2008,Telugu,0,0.0947
Andamaina manasulo,14-02-2008,Telugu,0,0.0988
Kathanayakudu,01-08-2008,Telugu,0,0.273
Ashta Chamma,05-09-2008,Telugu,5.9,0.1501
Krishnarjuna,01-02-2008,Telugu,5.2,0.1165
Hare Ram,18-07-2008,Telugu,6,0.2101
Dongala Bandi,12-12-2008,Telugu,0,0.1643
Victory,27-06-2008,Telugu,0,0.1338
Yuvatha,07-11-2008,Telugu,7,0.1017
Pourudu,13-01-2008,Telugu,5.2,0.1236
Siddu from Srikakulam,14-08-2008,Telugu,4.5,0.1181
Maa Ayana Chanti Pilladu,25-07-2008,Telugu,0,0.1082
Ankith Pallavi and Friends,05-09-2008,Telugu,0,0.0782
Lakshmi Putrudu,29-02-2008,Telugu,0,0.0474
Mangatayaru Tiffin Centre,29-02-2008,Telugu,0,0.0479
Gunde Jallumandi,12-09-2008,Telugu,0,0.0437
Tathagatha Buddha The Life & Times of Gautama Buddha,15-02-2008,Telugu,0,0.0505
Michael Madana Kamaraju,18-04-2008,Telugu,0,0.0143
Maska,14-01-2009,Telugu,5.125,0.9442
Ride,05-06-2009,Telugu,5,0.7605
Anjaneyulu,12-08-2009,Telugu,5.4,0.9099
Magadheera,31-07-2009,Telugu,7.2,1.2094
Aarya 2,27-11-2009,Telugu,6.8,0.6779
Eenadu,18-09-2009,Telugu,0,0.6927
Arundhati,16-01-2009,Telugu,6.6,0.4466
Jayeebhava,23-10-2009,Telugu,4.833,0.4263
Shankam,11-09-2009,Telugu,4.2,0.2781
A Aa E Ee,06-11-2009,Telugu,3.7,0.2978
Oy!,03-07-2009,Telugu,5.8,0.3878
Ek Niranjan,29-10-2009,Telugu,5.4,0.3996
Kurradu,12-11-2009,Telugu,4,0.2773
Ganesh,24-09-2009,Telugu,4.2,0.2743
Billa,03-04-2009,Telugu,5.1,0.4319
Konchem Ishtam Konchem Kashtam,05-02-2009,Telugu,5.7,0.3309
Raju Maharaju,19-06-2009,Telugu,7,0.3289
Rechipo,25-09-2009,Telugu,5,0.22
Aa Okkadu,05-06-2009,Telugu,0,0.278
Saleem,12-12-2009,Telugu,6,0.2222
Sasirekha Parinayam,01-01-2009,Telugu,5.8,0.2703
Snehituda,07-08-2009,Telugu,6,0.1939
Punnami Nagu,10-04-2009,Telugu,0,0.1695
Mahatma,09-10-2009,Telugu,5.5,0.1887
Bendu Apparao R.M.P,16-10-2009,Telugu,5,0.176
Bumper Offer,23-10-2009,Telugu,3.7,0.1841
Drona,20-02-2009,Telugu,6,0.3154
Bangaru Babu,01-05-2009,Telugu,0,0.1738
Kick,08-05-2009,Telugu,6.6,0.27
Kalavaramaye Madilo,17-07-2009,Telugu,0,0.1656
Posani Gentleman,25-12-2009,Telugu,0,0.2027
Katha,12-12-2009,Telugu,0,0.167
Current,19-06-2009,Telugu,6.5,0.123
Siddham,12-02-2009,Telugu,0,0.2162
Josh,05-09-2009,Telugu,5.3,0.1336
Naa Style Veru,12-06-2009,Telugu,0,0.1756
Fitting Master,14-01-2009,Telugu,7,0.1787
Manorama,31-03-2009,Telugu,0,0.1086
Kavya's Diary,05-06-2009,Telugu,0,0.1316
Anjani Putrudu,29-06-2009,Telugu,0,0.1177
Pravarakyudu,04-12-2009,Telugu,8.5,0.1261
Sontha ooru,21-03-2009,Telugu,0,0.074
Naa Girl Friend Baga Rich,06-03-2009,Telugu,0,0.1124
Amaravathi,03-12-2009,Telugu,6,0.1172
Prayanam,29-05-2009,Telugu,6,0.1445
Baanam,16-09-2009,Telugu,4.8,0.207
Kasko,25-12-2009,Telugu,0,0.1255
Diary,29-05-2009,Telugu,5,0.106
Ninnu Kalisaka,02-10-2009,Telugu,0,0.0641
Satyameva Jeyate,13-02-2009,Telugu,0,0.0673
Samardhudu,18-09-2009,Telugu,0,0.0516
Mental Krishna,01-01-2009,Telugu,5,0.0352
Life Style,01-01-2009,Telugu,0,0.0637
Aa Intlo,16-07-2009,Telugu,6,0.0362
Masth,23-01-2009,Telugu,0,0.0387
Darling,23-04-2010,Telugu,6.3,1.7789
Shambo Shiva Shambo,14-01-2010,Telugu,6.8,0.8593
Bindaas,05-02-2010,Telugu,6,0.8739
Adhurs,13-01-2010,Telugu,5.9,0.7832
Nagavalli,16-12-2010,Telugu,5.8,1.0545
Golimaar,27-05-2010,Telugu,6.9,0.5269
Ye Maaya Chesave,26-02-2010,Telugu,6.8,0.6141
Brindavanam,14-10-2010,Telugu,6.6,0.5212
Khaleja,07-10-2010,Telugu,6.9,0.5107
Vedam,04-06-2010,Telugu,7.3,0.4703
Orange,25-11-2010,Telugu,6.3,0.3375
Maryada Ramanna,23-07-2010,Telugu,7,0.3571
Rama Rama Krishna Krishna,12-05-2010,Telugu,5.2,0.4266
Simha,30-04-2010,Telugu,5.1,0.328
Don Seenu,06-08-2010,Telugu,5.1,0.3725
Namo Venkatesa,14-01-2010,Telugu,4.4,0.2884
Ragada,23-12-2010,Telugu,4.8,0.294
Bheemili Kabaddi Jattu,09-07-2010,Telugu,8,0.385
Prasthanam,16-04-2010,Telugu,6.2,0.2181
Jhummandi Naadam,01-07-2010,Telugu,5.5,0.2449
Baava,29-10-2010,Telugu,3.9,0.189
Varudu,31-03-2010,Telugu,3.6,0.3764
Leader,19-02-2010,Telugu,6.1,0.2509
Om Shanti,13-01-2010,Telugu,3,0.2072
Subhapradam,16-07-2010,Telugu,3,0.3455
Kalavar King,26-02-2010,Telugu,4,0.1842
Aakasa Ramanna,12-03-2010,Telugu,0,0.2681
Maa Nanna Chiranjeevi,01-01-2010,Telugu,0,0.216
Saradaga Kasepu,10-09-2010,Telugu,0,0.196
Maro Charitra,25-03-2010,Telugu,0,0.3121
Seeta Ramula Kalyanam Lankalo,22-01-2010,Telugu,4,0.2089
Gaayam 2,03-09-2010,Telugu,5,0.2211
Yemaindi Ee Vela,12-11-2010,Telugu,4.3,0.1466
Sneha Geetham,16-07-2010,Telugu,0,0.1765
Betting Bangarraju,09-04-2010,Telugu,6,0.1319
Andari Bandhuvaya,14-05-2010,Telugu,6,0.2257
Komaram Puli,10-09-2010,Telugu,3.8,0.1733
Police Police,09-04-2010,Telugu,6,0.1995
Kalyan Ram Kathi,12-11-2010,Telugu,4.8,0.222
Panchakshari,11-06-2010,Telugu,2.7,0.1338
Thakita Thakita,09-03-2010,Telugu,5.8,0.1766
1940 Lo Oka Gramam,16-04-2010,Telugu,0,0.2038
Yagam,19-03-2010,Telugu,10,0.1187
Manasara...,12-10-2010,Telugu,7,0.1508
Broker,31-12-2010,Telugu,4,0.1882
Brahmalokam to Yamalokam via Bhulokam,29-07-2010,Telugu,0,0.1073
Kothi Mooka,30-07-2010,Telugu,0,0.1237
Inkosari,26-02-2010,Telugu,0,0.1264
Sye Aata,13-08-2010,Telugu,5,0.0636
Kedi,11-02-2010,Telugu,4.6,0.0929
Buridi,01-01-2010,Telugu,0,0.0892
Ranga the Donga,30-12-2010,Telugu,3,0.0668
Karma,26-11-2010,Telugu,0,0.0503
Platform No. 5,12-02-2010,Telugu,0,0.0505
Maa Annayya Bangaram,31-07-2010,Telugu,0,0.0218
Alasyam Amrutham,03-12-2010,Telugu,0,0.0362
Happy Happy Ga,20-08-2010,Telugu,7.5,0.0407
10th Lo Premalo Padithe,01-01-2010,Telugu,9.2,0.0239
Bhairava IPS,24-09-2010,Telugu,0,0.0214
Rajanna,12-11-2011,Telugu,4,0.8541
Sri Rama Rajyam,17-11-2011,Telugu,6.2,0.7016
Virodhi,01-07-2011,Telugu,0,0.2879
Shakti,01-04-2011,Telugu,3.5,0.4562
Ala Modalaindi,21-01-2011,Telugu,6.6,0.3781
Solo,25-11-2011,Telugu,5.2,0.3566
Chattam,25-03-2011,Telugu,0,0.461
Badrinath,10-06-2011,Telugu,3.9,0.321
Katha Screenplay Darsakatvam Appalaraju,18-02-2011,Telugu,4.2,0.3042
Mirapakay,12-01-2011,Telugu,5.2,0.3323
Panjaa,09-12-2011,Telugu,6.1,0.5059
Veera,20-05-2011,Telugu,5.3,0.3136
Gaganam,11-02-2011,Telugu,6.2,0.3211
Dookudu,23-09-2011,Telugu,6.6,0.4575
Once Upon a Warrior,14-01-2011,Telugu,6.1,0.3694
Golconda High School,14-01-2011,Telugu,7,0.4207
Mr. Perfect,21-04-2011,Telugu,6.4,0.3557
Vastadu Naa Raju,11-02-2011,Telugu,5.5,0.346
100% Love,06-05-2011,Telugu,6,0.266
Oosaravelli,06-10-2011,Telugu,5.2,0.2755
Prema Kavali,25-02-2011,Telugu,3.3,0.322
Pilla Zamindar,14-10-2011,Telugu,7.1,0.3271
Nenu Naa Rakshasi,29-04-2011,Telugu,5.2,0.2724
Mogudu,04-11-2011,Telugu,3.5,0.3396
Dhada,11-08-2011,Telugu,3.2,0.2247
Bejawada,01-12-2011,Telugu,4,0.22
Kandireega,12-08-2011,Telugu,3.65,0.279
Kudirithe Kappu Coffee,25-02-2011,Telugu,10,0.1947
Oh My Friend,11-11-2011,Telugu,6.1,0.2003
Money Money More Money,26-08-2011,Telugu,4,0.2036
Kshetram,29-12-2011,Telugu,0,0.1217
Teen Maar,14-04-2011,Telugu,3.6,0.3422
It's My Love Story,11-11-2011,Telugu,4.5,0.1466
Parama Veera Chakra,12-01-2011,Telugu,5,0.2062
Madatha Kaaja,30-09-2011,Telugu,6,0.1864
Brahmi gadi Katha,08-07-2011,Telugu,0,0.1296
Vykuntapali,27-05-2011,Telugu,0,0.1567
Dongala Mutha,18-04-2011,Telugu,2.8,0.1273
Raaj,18-03-2011,Telugu,5.7,0.1574
Veedu Theda,18-11-2011,Telugu,0,0.1946
Aha Naa Pellanta,02-03-2011,Telugu,5.2,0.0965
Nuvvila,03-11-2011,Telugu,6,0.1458
Koffi Bar,29-04-2011,Telugu,0,0.147
Seema Tapakai,13-05-2011,Telugu,5.8,0.0983
Vareva,29-01-2011,Telugu,0,0.0695
Bet,05-02-2011,Telugu,4,0.0729
Key,16-07-2011,Telugu,0,0.0688
Rakta Patham,18-03-2011,Telugu,0,0.0768
Daggaraga Dooranga,26-08-2011,Telugu,0,0.0825
Mayagadu,16-07-2011,Telugu,0,0.0441
Jai Bholo Telangan,04-02-2011,Telugu,0,0.0498
Vanakanya Wonder Veerudu,01-01-2011,Telugu,0,0.0404
Dussasana,27-05-2011,Telugu,0,0.052
Sanchalanam,01-01-2011,Telugu,0,0.0071
A Cigarette Ago,22-01-2011,Telugu,0,0
Ishq,24-02-2012,Telugu,6.7,0.9175
All the Best,29-06-2012,Telugu,0,0.97
Srimannarayana,30-08-2012,Telugu,5.4,0.6115
Eega,05-07-2012,Telugu,7.1,1.172
Cameraman Ganga Tho Rambabu,17-10-2012,Telugu,4.1,0.5343
Dhammu,27-04-2012,Telugu,4.5,0.4618
Gabbar Singh,11-05-2012,Telugu,5.8,0.4869
Julayi,09-08-2012,Telugu,6.4,0.3945
Shirdi Sai,06-09-2012,Telugu,4.2,0.2941
Naa Ishtam,23-03-2012,Telugu,3.5,0.3071
Bus Stop,11-11-2012,Telugu,0,0.6922
Dhenikaina Ready,23-10-2012,Telugu,4.286,0.3961
Daruvu,24-05-2012,Telugu,4.8,0.4331
Life Is Beautiful,14-09-2012,Telugu,6.4,0.3039
Adhinayakudu,01-06-2012,Telugu,3,0.3004
Sarocharu,21-12-2012,Telugu,4.8,0.3616
Rachcha,05-04-2012,Telugu,3.9,0.249
Krishnam Vande Jagadgurum,30-11-2012,Telugu,5.6,0.3966
Devudu Chesina Manushulu,15-08-2012,Telugu,3.6,0.2387
Businessman,13-01-2012,Telugu,6.9,0.431
Bodyguard,14-01-2012,Telugu,4.7,0.2534
Ramadandu,03-02-2012,Telugu,0,0.36
Poola Rangadu,18-02-2012,Telugu,4.3,0.2858
Routine Love Story,23-11-2012,Telugu,5.7,0.2407
Yeto Vellipoyindhi Manasu,13-12-2012,Telugu,6.4,0.3063
Uu Kodathara Ulikki Padathara,23-07-2012,Telugu,4.5,0.239
Andala Rakshasi,10-08-2012,Telugu,6.1,0.269
Mithunam,21-12-2012,Telugu,7.2,0.1872
Endukante Premanta,08-06-2012,Telugu,4.6,0.286
SMS,10-02-2012,Telugu,4,0.21
Damarukam,23-11-2012,Telugu,4.8,0.2285
Devaraya,07-12-2012,Telugu,6.5,0.2671
Avunu,21-09-2012,Telugu,6.2,0.2075
Lovely,30-03-2012,Telugu,5.8,0.4878
Ayyare,20-01-2012,Telugu,6,0.1906
Neeku Naaku Dash Dash,12-04-2012,Telugu,7,0.1828
Nippu,17-02-2012,Telugu,3.8,0.1536
Ee Rojullo,13-03-2012,Telugu,6.5,0.2124
Sudigaadu,24-08-2012,Telugu,6,0.1817
Yamudiki Mogudu,27-12-2012,Telugu,4.2,0.1087
6,26-10-2012,Telugu,0,0.1312
Nuvva Nena,16-03-2012,Telugu,3.5,0.1618
Ko Antey Koti,28-12-2012,Telugu,6,0.1043
Mythri,30-11-2012,Telugu,4,0.1187
Rebel,28-09-2012,Telugu,4.2,0.0866
Kulu Manali,05-03-2012,Telugu,0,0.0975
Tuneega Tuneega,22-07-2012,Telugu,0,0.0902
Memu Vayasuku Vacham,23-06-2012,Telugu,7.5,0.0512
Chanakyudu,01-01-2012,Telugu,0,0.0286
Artificial,27-04-2012,Telugu,0,0.0357
Love Journey,01-01-2012,Telugu,0,0.0168
"O Friend, This Waiting!",28-12-2012,Telugu,0,0.0214
Oka Romantic Crime Katha,15-06-2012,Telugu,0,0.0071
Swamy Ra Ra,29-03-2013,Telugu,5.8,0.7249
Atharintiki Daaredi,27-09-2013,Telugu,6.7,0.7835
Seethamma Vakitlo Sirimalle Chettu,11-01-2013,Telugu,6.4,0.6676
Balupu,29-06-2013,Telugu,5.8,0.5945
Paisa,05-12-2013,Telugu,6,0.3343
Doosukeltha,17-10-2013,Telugu,5.2,0.3901
Naayak,09-01-2013,Telugu,4.6,0.4593
Kevvu Keka,19-07-2013,Telugu,6.4,0.3452
Ramayya Vasthavayya,10-10-2013,Telugu,4.545,0.4296
Baadshah,05-04-2013,Telugu,5.4,0.4471
Masala,23-10-2013,Telugu,4.5,0.3918
Ramachari Eedo Pedda Goodachari,17-05-2013,Telugu,0,0.4417
Gundello Godari,08-03-2013,Telugu,4.7,0.2871
Tadakha,10-05-2013,Telugu,4,0.2706
Venkatadri Express,30-11-2013,Telugu,5.9,0.2582
Uyyala Jampala,25-12-2013,Telugu,5.8,0.3874
Jagadguru Adi Shankara,15-08-2013,Telugu,5.8,0.2869
Mirchi,08-02-2013,Telugu,6.1,0.3552
Pavithra,07-06-2013,Telugu,4.5,0.2036
Gunde Jaari Gallanthayyinde,19-04-2013,Telugu,6.5,0.3437
Bhai,25-10-2013,Telugu,3,0.2333
Vasool Raja,02-08-2013,Telugu,0,0.2305
Greeku Veerudu,02-05-2013,Telugu,4.4,0.3023
Chandi: The Power of Woman,08-11-2013,Telugu,0,0.3449
Om 3D,18-07-2013,Telugu,7.5,0.3167
Iddarammayilatho,31-05-2013,Telugu,5.7,0.2959
Adda,15-08-2013,Telugu,6,0.1581
Anthaka Mundu Aa Tarvatha,23-08-2013,Telugu,5.5,0.2757
Race,01-03-2013,Telugu,5.75,0.161
Sahasam,12-07-2013,Telugu,5.5,0.2199
Potugadu,13-09-2013,Telugu,5.5,0.2314
Aravind 2,08-02-2013,Telugu,4,0.2051
Mr.PelliKoduku,01-03-2013,Telugu,0,0.2466
Mahankali,08-03-2013,Telugu,0,0.1646
Ongole Githa,01-02-2013,Telugu,2.9,0.2269
Thoofan,06-09-2013,Telugu,0,0.1303
Shadow,26-04-2013,Telugu,6.5,0.3438
Prema ishq kaadhal,06-12-2013,Telugu,0,0.1324
Jabardasth,22-02-2013,Telugu,3.125,0.1621
Okkadine,14-02-2013,Telugu,0,0.1476
Aadu Magaadra Bujji,09-08-2013,Telugu,5,0.1704
Alias Janaki,26-07-2013,Telugu,0,0.3532
Prema Katha Chitram,07-06-2013,Telugu,5.9,0.1611
D for Dopidi,25-12-2013,Telugu,7,0.1488
Telugabbai,09-03-2013,Telugu,6,0.3649
Naa Bangaaru Talli,21-11-2013,Telugu,7,0.1351
Saradaga Ammayitho,14-06-2013,Telugu,0,0.1281
Kamalatho Naa Prayanam,01-06-2013,Telugu,0,1.3539
Prema Oka Maikam,30-08-2013,Telugu,0,0.125
Dalam,15-08-2013,Telugu,0,0.1303
Welcome obama,20-09-2013,Telugu,7,0.1068
3G Love,15-03-2013,Telugu,7,0.0856
Abbayi Class Ammayi Mass,03-08-2013,Telugu,0,0.1614
Priyathama Neevachata Kusalama,23-03-2013,Telugu,7,0.1084
Action 3D,21-06-2013,Telugu,4,0.0935
Kamina,01-01-2013,Telugu,0,0.0671
Back Bench Student,15-03-2013,Telugu,0,0.1221
Gatham,01-01-2013,Telugu,0,0.0922
Jaffa,29-03-2013,Telugu,5,0.0655
Operation Duryodhana 2,05-07-2013,Telugu,0,0.0699
DK Bose,14-11-2013,Telugu,0,0.0431
Akasamlo Sagam,26-07-2013,Telugu,0,0.0338
Chinni Chinni Aasa,08-11-2013,Telugu,0,0.0423
Feather,16-03-2013,Telugu,0,0.0357
Dasa Tirigindi,24-05-2013,Telugu,0,0.0214
Gouravam,18-04-2013,Telugu,7.8,0.0128
Rye Rye,15-04-2013,Telugu,0,0.0143
Gurudu,20-06-2013,Telugu,0,0.0143
D/o Varma,28-09-2013,Telugu,0,0.0143
Aagadu,19-09-2014,Telugu,4.4,0.6635
Yevadu,12-01-2014,Telugu,6.1,0.703
Karthikeya,24-10-2014,Telugu,6.1,0.6116
Manam,23-05-2014,Telugu,7,0.5959
1: Nenokkadine,10-01-2014,Telugu,6.6,0.4991
Amrutham Chandamama Lo,17-05-2014,Telugu,5,0.5239
Rabhasa,28-08-2014,Telugu,5.2,0.4269
Govindudu Andarivaadele,01-10-2014,Telugu,4.5,0.395
Alludu Seenu,25-07-2014,Telugu,5.6,0.3689
Autonagar Surya,07-02-2014,Telugu,4.6,0.3784
Current Theega,31-10-2014,Telugu,5.071,0.3122
Run Raja Run,01-08-2014,Telugu,5.7,0.3096
Legend,28-03-2014,Telugu,5.5,0.4146
Oka Laila Kosam,17-10-2014,Telugu,5.2,0.3435
Oohalu Gusagusalade,20-06-2014,Telugu,6.6,0.2564
Ra Ra Krishnayya,04-07-2014,Telugu,6.2,0.1931
Power,12-09-2014,Telugu,5.4,0.3808
Drushyam,11-07-2014,Telugu,7.9,0.2906
Brother of Bommali,08-10-2014,Telugu,5,0.1985
Rowdy,04-04-2014,Telugu,5,0.2364
Heart Attack,31-01-2014,Telugu,4.4,0.2884
Chinnadana Nee Kosam,25-12-2014,Telugu,6,0.3597
Race Gurram,11-04-2014,Telugu,6.8,0.5792
Rowdy Fellow,21-11-2014,Telugu,6.2,0.5543
Paathshala,10-10-2014,Telugu,0,0.238
Loukyam,26-09-2014,Telugu,5.3,0.283
Dikkulu Choodaku Ramayya,10-10-2014,Telugu,5,0.2234
Exploring ''Shiva'' Movie After 25 Years,08-10-2014,Telugu,0,0.1863
Boochamma Boochodu,09-07-2014,Telugu,2.5,0.2041
Kshatriya,01-01-2014,Telugu,4.5,0.2026
Mukunda,26-12-2014,Telugu,6.8,0.1644
Jump Jilani,12-06-2014,Telugu,5,0.1706
The End,05-12-2014,Telugu,8,0.1749
Lovers,15-08-2014,Telugu,0,0.1765
Nee Jathaga Nenundali,22-08-2014,Telugu,0,0.1274
Ice Cream 2,21-11-2014,Telugu,5,0.1614
Chandamama Kathalu,25-04-2014,Telugu,7.5,0.1344
Romeo,10-10-2014,Telugu,4,0.1904
Kotha Janta,02-05-2014,Telugu,3,0.1499
Emo Gurram Egaravachu,25-01-2014,Telugu,0,0.1333
Paandavulu Paandavulu Thummeda,31-01-2014,Telugu,5,0.1196
Lakshmi Raave Maa Intiki,05-12-2014,Telugu,5,0.1891
Anukshanam,12-09-2014,Telugu,7.3,0.2068
Hum Tum,14-02-2014,Telugu,0,0.0991
Joru,07-11-2014,Telugu,6.3,0.1565
Rough,28-11-2014,Telugu,4.5,0.1913
Prathinidhi,25-04-2014,Telugu,7,0.1329
Hrudaya Kaleyam,04-04-2014,Telugu,3.5,0.1022
Nuvvala Nenila,08-08-2014,Telugu,0,0.0897
Green Signal,30-05-2014,Telugu,0,0.096
Galipatam,08-08-2014,Telugu,5,0.1096
Minugurulu,24-01-2014,Telugu,0,0.1002
Pilla Nuvvu Leni Jeevitham,14-11-2014,Telugu,4,0.0973
Weekend Love,14-04-2014,Telugu,0,0.0943
Vundile Manchi Kalam Mundu Munduna,05-12-2014,Telugu,0,0.083
Avatharam,18-04-2014,Telugu,2.8,0.1216
Chakkiligintha,05-12-2014,Telugu,0,0.0675
Ee Varsham Sakshiga,12-12-2014,Telugu,0,0.0813
Dil Deewana,07-02-2014,Telugu,0,0.0721
Maaya,01-08-2014,Telugu,0,0.1592
Love You Bangaram,24-01-2014,Telugu,0,0.0847
Ice Cream,12-07-2014,Telugu,3.3,0.1043
Pove Pora,01-01-2014,Telugu,0,0.0547
Maha Bhaktha Siriyala,01-01-2014,Telugu,0,0.0445
Pyar Mein Padipoyane,10-05-2014,Telugu,0,0.0404
Yuddam,14-03-2014,Telugu,0,0.0687
33 Prema Kathalu,01-01-2014,Telugu,0,0.0382
Superstar Kidnap,01-01-2014,Telugu,5,0.0379
Oka Criminal Premakatha,19-07-2014,Telugu,0,0.0404
Naa Rakumardu,21-02-2014,Telugu,0,0.0398
Bangaru Kodipetta,07-03-2014,Telugu,3.5,0.0404
Nangna Sityam,21-03-2014,Telugu,0,0.0143
Bāhubali: The Beginning,10-07-2015,Telugu,7.513,4.0159
Beeruva,23-01-2015,Telugu,0,0.9075
Kick 2,27-08-2015,Telugu,4.2,2.6175
Temper,13-02-2015,Telugu,6.6,0.7334
Bengal Tiger,10-12-2015,Telugu,4.5,0.5008
Yevade Subramanyam,21-03-2015,Telugu,7.4,0.6135
365 Days,22-05-2015,Telugu,4.8,0.5858
Raju Gari Gadhi,16-10-2015,Telugu,5.3,0.3257
Son of Satyamurthy,09-04-2015,Telugu,6.8,0.3879
Rudhramadevi,09-10-2015,Telugu,5.4,0.4527
Srimanthudu,07-08-2015,Telugu,6.6,0.4225
Sher,30-10-2015,Telugu,10,0.3011
Loafer,18-12-2015,Telugu,6,0.5373
Avunu 2,01-01-2015,Telugu,3,0.2481
Bandipotu,20-02-2015,Telugu,6,0.2387
Shivam,02-10-2015,Telugu,4.5,0.2933
Dongata,08-05-2015,Telugu,5.2,0.2942
Courier Boy Kalyan,17-09-2015,Telugu,6.8,0.2035
Tiger,26-06-2015,Telugu,2,0.283
Jadoogadu,26-06-2015,Telugu,6,0.3083
James Bond,24-07-2015,Telugu,6.7,0.2189
Akhil,11-11-2015,Telugu,3.2,0.2637
Dohchay,24-04-2015,Telugu,3.8,0.3206
Singham 123,05-06-2015,Telugu,6.9,0.234
Bruce Lee - The Fighter,16-10-2015,Telugu,5.8,0.2376
Tungabhadra,20-03-2015,Telugu,0,0.3223
Pandaga Chesko,29-05-2015,Telugu,5.6,0.2706
Rey,27-03-2015,Telugu,2,0.2274
Bhale Manchi Roju,25-12-2015,Telugu,7.3,0.2049
Pataas,23-01-2015,Telugu,6.625,0.2586
Budugu,17-04-2015,Telugu,0,0.2371
Adithya (Creative Genius),05-06-2015,Telugu,0,0.1405
Malli Malli Idhi Rani Roju,06-02-2015,Telugu,7.3,0.1987
Subramanyam For Sale,24-09-2015,Telugu,4.3,0.1857
Gaddam Gang,06-02-2015,Telugu,5,0.1464
Kanche,23-10-2015,Telugu,5.8,0.1758
Lion,14-05-2015,Telugu,4,0.2634
Janda Pai Kapiraju,21-03-2015,Telugu,6.5,0.2105
Bhale Bhale Magadivoy,04-09-2015,Telugu,6.1,0.2133
Asura,05-06-2015,Telugu,6,0.1493
Columbus,22-10-2015,Telugu,7.7,0.1537
Mosagallaku Mosagadu,22-05-2015,Telugu,7,0.149
Surya Vs Surya,05-03-2015,Telugu,5.8,0.1759
Vinavayya Ramayya,06-04-2015,Telugu,0,0.1546
Thanu Nenu,27-11-2015,Telugu,0,0.1469
Mama Manchu Alludu Kanchu,25-12-2015,Telugu,0,0.1554
Yavvanam Oka Fantasy,04-12-2015,Telugu,0,0.2225
Sankarabharanam,04-12-2015,Telugu,0,0.1717
Gopala Gopala,10-01-2015,Telugu,5.7,0.1714
Ladies And Gentlemen,30-01-2015,Telugu,0,0.1428
Kerintha,12-06-2015,Telugu,0,0.0957
Kumari 21F,20-11-2015,Telugu,7.1,2.0139
Jil,27-03-2015,Telugu,5.9,0.1962
Cinema Chupista Maava,14-08-2015,Telugu,6.5,0.125
A Shyam Gopal Varma Film,02-01-2015,Telugu,0,0.0992
Sainma,22-08-2015,Telugu,10,0.1221
Ketugadu,18-09-2015,Telugu,0,0.1312
Pesarattu,06-02-2015,Telugu,0,0.1165
Where Is Vidya Balan?,26-06-2015,Telugu,0,0.0658
Bham Bolenath,27-02-2015,Telugu,0,0.1182
Jyothi Lakshmi,12-06-2015,Telugu,1,0.1541
Panileni Puliraju,24-06-2015,Telugu,0,0.0907
Mantra 2,01-08-2015,Telugu,3,0.1151
Krishnamma Kalipindi Iddarini,19-06-2015,Telugu,5,0.0709
Tippu,19-06-2015,Telugu,4,0.097
Paddanandi Premalo Mari,14-02-2015,Telugu,0,0.0659
Tripura,24-07-2015,Telugu,0,0.1004
Kaali Charan,05-03-2015,Telugu,0,0.047
Ee Cinema Superhit Guarantee,11-12-2015,Telugu,4.8,0.0347
Soukhyam,25-12-2015,Telugu,2.8,0.0499
Jatha Kalise,25-12-2015,Telugu,6,0.0593
Malini & Co.,28-08-2015,Telugu,10,0.0541
Intelligent Idiots,23-01-2015,Telugu,0,0.051
Affair,27-11-2015,Telugu,0,0.0214
Panchamukhi,06-02-2015,Telugu,0,0.0261
Vaitarani,30-10-2015,Telugu,0,0.0214
Sneha Sagaram,09-09-2015,Telugu,0,0.0214
Danger,26-06-2015,Telugu,2,0.0143
Best Actors,28-08-2015,Telugu,0,0.0214
Supreme,05-05-2016,Telugu,4.7,4.1697
Janatha Garage,01-09-2016,Telugu,7.3,1.5133
Oopiri,25-03-2016,Telugu,7.179,0.853
Sarrainodu,08-04-2016,Telugu,6.4,0.7852
Pelli Choopulu,29-07-2016,Telugu,7.1,0.5677
Abbayitho Ammayi,01-01-2016,Telugu,3,0.5617
Ekkadiki Pothavu Chinnavada,18-11-2016,Telugu,5.8,0.461
A Aa,02-06-2016,Telugu,6.6,0.6725
Nannaku Prematho...,13-01-2016,Telugu,6.941,0.5774
Run,26-03-2016,Telugu,2,0.3241
Okka Ammayi Thappa,10-06-2016,Telugu,3,0.4238
Manamantha,05-08-2016,Telugu,6.9,0.4054
Brahmotsavam,20-05-2016,Telugu,4.7,1.757
Ism,21-10-2016,Telugu,6,2.3703
Nenu.. Sailaja...,01-01-2016,Telugu,6.1,0.3783
Dictator,15-01-2016,Telugu,3.2,0.3589
Gentleman,17-06-2016,Telugu,6.7,0.3166
Sardaar Gabbar Singh,15-04-2016,Telugu,4.1,0.3747
Dhruva,07-10-2016,Telugu,6.8,0.4847
Speedunnodu,05-02-2016,Telugu,4.5,0.4013
Express Raja,14-01-2016,Telugu,6.4,0.3119
Srirastu Subhamastu,05-08-2016,Telugu,3.5,0.3203
Hyper,30-09-2016,Telugu,5.4,0.3524
Majnu,23-09-2016,Telugu,6,0.3097
Shourya,04-03-2016,Telugu,4.5,0.2742
Jakkanna,29-07-2016,Telugu,6,0.3168
Chuttalabbai,19-08-2016,Telugu,5,0.2479
Jayammu Nischayammuu Raa,25-11-2016,Telugu,6,0.2434
Jaguar,05-10-2016,Telugu,4.5,0.2352
Intlo Deyyam Nakem Bhayam,11-11-2016,Telugu,4,0.2869
Soggade Chinni Nayana,15-01-2016,Telugu,6,0.284
Krishna Gaadi Veera Prema Gaadha,12-02-2016,Telugu,7.2,0.3028
Thikka,13-08-2016,Telugu,4,0.2401
Guntur Talkies,04-03-2016,Telugu,5,0.2033
Arddhanaari,01-07-2016,Telugu,1,0.2845
Dialogue in the Dark,08-10-2016,Telugu,0,0.1483
Naruda Donoruda,04-11-2016,Telugu,0,0.2468
Jyo Achyutananda,09-09-2016,Telugu,6.7,0.1559
Appatlo Okadundevadu,30-12-2016,Telugu,5.5,0.1776
Kshanam,26-02-2016,Telugu,6.9,0.2195
Selfie Raja,15-07-2016,Telugu,5,0.2148
Savitri,01-04-2016,Telugu,0,0.1713
Kalyana Vaibhogame,04-03-2016,Telugu,7.5,0.173
Kundanapu Bomma,24-06-2016,Telugu,0,0.1273
Babu Bangaram,12-08-2016,Telugu,5.2,0.1953
Luv U Alia,17-06-2016,Telugu,2.75,0.1899
Naanna Nenu Naa Boyfriends,15-12-2016,Telugu,4,0.1138
Vangaveeti,22-12-2016,Telugu,6.3,0.1858
Antham,07-07-2016,Telugu,0,0.1668
Eedo Rakam Aado Rakam,15-04-2016,Telugu,7.2,0.2078
Pittagoda,24-12-2016,Telugu,0,0.1654
Seethamma Andalu Ramayya Sitralu,29-01-2016,Telugu,0,0.1886
Eluka Majaaka,26-02-2016,Telugu,6,0.1292
Siddhartha,16-09-2016,Telugu,0,0.1517
Edu Gold Ehe,07-10-2016,Telugu,1,0.1037
Tuntari,11-03-2016,Telugu,6,0.1907
Garam,12-02-2016,Telugu,4,0.2035
L7,21-10-2016,Telugu,0,0.1522
Saptagiri Express,23-12-2016,Telugu,8,0.1226
Nirmala Convent,16-09-2016,Telugu,6.8,0.1241
Mister 420,28-10-2016,Telugu,0,0.1538
Appudala Ippudila,01-04-2016,Telugu,0,0.1434
Premam,09-09-2016,Telugu,6.3,0.2929
Shankara,27-08-2016,Telugu,3,0.2079
Lacchimdeviki O Lekkundi,29-01-2016,Telugu,0,0.1265
Sri Sri,03-06-2016,Telugu,0,0.1258
Krishnashtami,19-02-2016,Telugu,0,0.1039
Charusheela,16-09-2016,Telugu,0,0.2251
Terror,26-02-2016,Telugu,6,0.081
Nenu Seetha Devi,21-10-2016,Telugu,0,0.0912
Vinodham 100%,27-05-2016,Telugu,0,0.0644
Right Right,10-06-2016,Telugu,0,0.1265
The Great Story of Sodabuddi,15-04-2016,Telugu,1,0.0725
Meelo Evaru Koteeswarudu,16-12-2016,Telugu,0,0.1106
Gurukulam – The School,27-10-2016,Telugu,0,0.0639
O Sthree Repu Raa,11-03-2016,Telugu,0,0.092
Raja Cheyyi Vesthe,29-04-2016,Telugu,0,0.0892
Aatadukundam Raa,19-08-2016,Telugu,10,0.0429
Nee Jathaleka,16-10-2016,Telugu,0,0.049
Nandini Nursing Home,21-10-2016,Telugu,6,0.0491
Guppedantha Prema,17-06-2016,Telugu,0,0.0673
Rojulu Marayi,01-07-2016,Telugu,0,0.0613
Meeku Meere Maaku Meeme,17-06-2016,Telugu,0,0.0588
Slightly Mad,01-01-2016,Telugu,0,0.0357
Trivikraman,10-12-2016,Telugu,0,0.0322
21st Century Love,23-07-2016,Telugu,0,0.0281
Tulasi Dalam,11-03-2016,Telugu,0,0.0379
Nadungaadhey Illathil Pei,11-11-2016,Telugu,0,0.0589
Vetapalem,04-08-2016,Telugu,0,0.0327
Wish You Happy Breakup,16-03-2016,Telugu,7,0.0214
Preminchu Pelladu,12-02-2016,Telugu,0,0.0286
Oka Manasu,17-06-2016,Telugu,0,0.0214
Chitram Bhalare Vichitram,01-01-2016,Telugu,0,0.0143
Bāhubali 2: The Conclusion,27-04-2017,Telugu,7.4,3.3844
Radha,12-05-2017,Telugu,5.7,2.2314
Hello!,22-12-2017,Telugu,7.2,1.0945
The Ghazi Attack,17-02-2017,Telugu,7,1.0618
Arjun Reddy,25-08-2017,Telugu,7.1,0.6898
Gautamiputra Satakarni,12-01-2017,Telugu,5.6,0.545
Om Namo Venkatesaya,10-02-2017,Telugu,4.3,0.5856
Nene Raju Nene Mantri,11-08-2017,Telugu,6.6,0.6297
Jawaan,01-12-2017,Telugu,6.4,0.5777
Winner,24-02-2017,Telugu,4.1,0.5028
Kathalo Rajakumari,15-09-2017,Telugu,10,0.3776
Raju Gari Gadhi 2,13-10-2017,Telugu,4.5,0.4613
Khaidi No. 150,15-01-2017,Telugu,5.9,0.4069
Raja the Great,18-10-2017,Telugu,5.8,0.4661
PSV Garuda Vega,03-11-2017,Telugu,5.9,0.4766
Jaya Janaki Nayaka,11-08-2017,Telugu,5.2,0.4462
Andhhagadu,02-06-2017,Telugu,5,0.3737
Yuddham Sharanam,08-09-2017,Telugu,6.5,1.8324
Next Nuvve,03-11-2017,Telugu,7,0.3263
Mister,14-04-2017,Telugu,5.1,0.2926
DJ: Duvvada Jagannadham,23-06-2017,Telugu,6,0.4808
Jai Lava Kusa,21-09-2017,Telugu,6.6,0.5228
Fidaa,20-07-2017,Telugu,7.3,0.5501
Mahanubhavudu,29-09-2017,Telugu,5.5,0.1979
Angel,03-11-2017,Telugu,5.5,0.3617
Katamarayudu,24-03-2017,Telugu,5.4,0.4384
Ninnu Kori,07-07-2017,Telugu,6.3,0.6042
Guru,31-03-2017,Telugu,7.5,0.3031
Virus,30-06-2017,Telugu,0,0.2719
Shamantakamani,14-07-2017,Telugu,4.8,0.4051
London Babulu,17-11-2017,Telugu,0,0.3115
LIE,11-08-2017,Telugu,5.5,0.4912
Gulf,15-10-2017,Telugu,0,0.251
Juliet Lover of Idiot,15-12-2017,Telugu,10,0.2503
Napoleon,24-11-2017,Telugu,7,0.2828
Malli Raava,08-12-2017,Telugu,8,0.4742
Dwaraka,03-03-2017,Telugu,5.6,0.3277
Nenu Local,03-02-2017,Telugu,5.6,0.2734
Sapthagiri LLB,08-12-2017,Telugu,7,0.2243
Okkadu Migiladu,10-11-2017,Telugu,0,0.2393
Okka Kshanam,29-12-2017,Telugu,6.1,0.2274
M.C.A,21-12-2017,Telugu,5.1,1.7112
Goutham Nanda,27-07-2017,Telugu,5.9,0.2889
Kittu Unnadu Jagratha,03-03-2017,Telugu,8,0.3325
Vaisakham,21-07-2017,Telugu,0,0.2004
Nakshatram,03-08-2017,Telugu,2.9,0.3804
Rarandoi Veduka Chudham,26-05-2017,Telugu,5.7,0.2648
Kaadhali,16-06-2017,Telugu,0,0.2967
Keshava,19-05-2017,Telugu,5.4,0.1861
Chandrullo Unde Kundelu,03-02-2017,Telugu,0,0.1689
Balakrishnudu,24-11-2017,Telugu,5.667,0.262
Aakatayi,10-03-2017,Telugu,5.5,0.2146
Shatamanam Bhavati,14-01-2017,Telugu,6.2,0.4155
Ami Thumi,09-06-2017,Telugu,0,0.1808
Luckunnodu,26-01-2017,Telugu,4,0.4589
2 Countries,29-12-2017,Telugu,0,0.1864
Patel S.I.R,20-07-2017,Telugu,6.8,0.2051
Kiss Kiss Bang Bang,15-12-2017,Telugu,10,0.1407
Srivalli,15-09-2017,Telugu,0,0.2565
Mixture Potlam,19-05-2017,Telugu,0,0.1959
Shekaram Gari Abbayi,20-10-2017,Telugu,4,0.1306
Anando Brahma,18-08-2017,Telugu,6.5,0.282
Paisa Vasool,01-09-2017,Telugu,4.9,0.208
Vunnadhi Okate Zindagi,27-10-2017,Telugu,4.8,0.1473
Prematho Mee Karthik,17-11-2017,Telugu,0,0.1878
Oye Ninne,06-10-2017,Telugu,0,0.151
Devi Sri Prasad,24-11-2017,Telugu,5,0.0982
Rendu Rellu Aaru,07-07-2017,Telugu,3,0.1742
Mental Madhilo,24-11-2017,Telugu,6.7,0.2004
Nenorakam,17-03-2017,Telugu,0,0.1176
Lanka,21-04-2017,Telugu,10,0.105
Gunturodu,03-03-2017,Telugu,7.5,0.1631
Rakshaka Bhatudu,12-05-2017,Telugu,0,0.1583
Oxygen,01-12-2017,Telugu,6.4,0.181
Venkatapuram,12-05-2017,Telugu,0,0.1363
Babu Baga Busy,05-05-2017,Telugu,5.3,0.1723
Ungarala Rambabu,15-09-2017,Telugu,0,0.155
Vellipomakey,02-09-2017,Telugu,0,0.1021
Chitrangada,03-10-2017,Telugu,6.5,0.1078
Lakshmi Bomb,10-03-2017,Telugu,7.5,0.1137
Meda Meeda Abbayi,08-09-2017,Telugu,4,0.1588
Kutumba Katha Chitram,15-12-2017,Telugu,0,0.0824
E Ee,22-12-2017,Telugu,6,0.0857
Maa Abbayi,17-03-2017,Telugu,10,0.0826
Raja Meeru Keka,16-06-2017,Telugu,10,0.0619
Fashion Designer S/O Ladies Tailor,02-06-2017,Telugu,0,0.0905
Muduvandala Muppai Nalugo Katha,14-07-2017,Telugu,0,0.1022
Reservation,21-04-2017,Telugu,0,0.0607
Vasham,04-08-2017,Telugu,0,0.0611
Snehamera Jeevitham,17-11-2017,Telugu,7.5,0.1308
Darshakudu,04-08-2017,Telugu,0,0.0634
The Front Page,07-07-2017,Telugu,0,0.0468
O Pilla Nee Valla,26-05-2017,Telugu,0,0.0478
Aranyamlo,07-04-2017,Telugu,5.5,0.0286
A Love Letter To Cinema,01-01-2017,Telugu,0,0.0352
Rented House,01-01-2017,Telugu,0,0.0214
Sriramudinta Srikrishnudanta,26-05-2017,Telugu,0,0.0168
Shivani,31-12-2017,Telugu,0,0.0143
Vajralu kavala nayana,01-01-2017,Telugu,0,0.0071
Anaganaga Oka Durga,27-10-2017,Telugu,0,0.0071
Aame,07-03-2017,Telugu,0,0
Geetha Govindam,15-08-2018,Telugu,6.8,2.506
Bharat Ane Nenu,20-04-2018,Telugu,6.5,1.3213
Taxiwala,01-06-2018,Telugu,5.8,0.595
Naa Peru Surya - Naa Illu India,27-04-2018,Telugu,6.2,0.6746
Mahanati,09-05-2018,Telugu,7.5,0.7497
Nela Ticket,24-05-2018,Telugu,4.5,1.013
Rangasthalam,29-03-2018,Telugu,7.029,0.5798
Agnyaathavaasi,09-01-2018,Telugu,3.9,0.5735
Padi Padi Leche Manasu,21-12-2018,Telugu,6.4,0.487
Tholi Prema,09-02-2018,Telugu,7,0.8089
Howrah Bridge,02-02-2018,Telugu,0,0.424
Touch Chesi Chudu,02-02-2018,Telugu,5.5,0.5015
Bhaagamathie,26-01-2018,Telugu,5.9,0.623
Officer,01-06-2018,Telugu,4.3,0.4259
Shailaja Reddy Alludu,31-08-2018,Telugu,4.8,0.3188
Aravindha Sametha,11-10-2018,Telugu,7.2,0.7175
Kavacham,07-12-2018,Telugu,5.5,1.5588
Manchi Lakshanalunna Abbayi,23-03-2018,Telugu,7.5,0.3138
Savyasachi,02-11-2018,Telugu,5.3,0.4266
Next Enti?,07-12-2018,Telugu,4,0.4407
Goodachari,03-08-2018,Telugu,6.8,0.4632
Ee Nagaraniki Emaindi?,29-06-2018,Telugu,7.3,0.4338
Pantham,05-07-2018,Telugu,5.3,0.3017
Hello Guru Prema Kosame,18-10-2018,Telugu,6.2,0.4354
Chalo,02-02-2018,Telugu,6.4,0.3266
Saakshyam,27-07-2018,Telugu,6.2,0.3082
Brand Babu,03-08-2018,Telugu,4.5,0.2017
Srinivasa Kalyanam,09-08-2018,Telugu,5.3,0.3862
RX 100,12-07-2018,Telugu,5.4,0.2953
Maaya,09-11-2018,Telugu,0,1.3289
Krishnarjuna Yudham,12-04-2018,Telugu,4.9,0.2718
Chal Mohan Ranga,05-04-2018,Telugu,5.2,0.2899
Devadas,27-09-2018,Telugu,6.1,0.32
Raa Raa,23-02-2018,Telugu,0,0.2808
Raju Gadu,01-06-2018,Telugu,0,0.3142
Silly Fellows,07-09-2018,Telugu,4,0.2514
Amar Akbar Anthony,26-10-2018,Telugu,4.2,0.2576
W/O Ram,20-07-2018,Telugu,7,0.1853
C/o Kancharapalem,07-09-2018,Telugu,7.4,0.2606
Awe!,16-02-2018,Telugu,7,0.402
Lover,20-07-2018,Telugu,7,0.298
Tej... I Love You,06-07-2018,Telugu,7.3,0.249
Hyderabad Love Story,23-02-2018,Telugu,0,0.2144
Ishtangaa,28-12-2018,Telugu,0,0.1792
Chi La Sow,03-08-2018,Telugu,7.7,0.3302
Achari America Yatra,27-04-2018,Telugu,9,0.2318
Antariksham 9000 KMPH,20-12-2018,Telugu,5.7,0.2898
Kirrak Party,16-03-2018,Telugu,7,0.2361
Neevevaro,24-08-2018,Telugu,6.6,0.2631
Gayatri,09-02-2018,Telugu,3,0.3187
Inttelligent,09-02-2018,Telugu,6.6,0.3508
Jai Simha,12-01-2018,Telugu,4,0.2451
Chalte Chalte,23-02-2018,Telugu,6,0.1667
Kartha Karma Kriya,08-11-2018,Telugu,6,0.202
Sammohanam,15-06-2018,Telugu,6.8,0.2626
Rangula Ratnam,12-01-2018,Telugu,8,0.2046
My Dear Marthandam,29-12-2018,Telugu,0,0.1486
Ee Maaya Peremito,21-09-2018,Telugu,7.3,0.1661
Veera Bhoga Vasantha Rayalu,26-10-2018,Telugu,7.25,0.158
Vijetha,12-07-2018,Telugu,6,0.198
Paper Boy,31-08-2018,Telugu,5.6,0.1376
Idi Naa Love Story,14-02-2018,Telugu,6,0.1862
Mehbooba,11-05-2018,Telugu,6,0.2125
Naa Nuvve,14-06-2018,Telugu,5,0.1364
Subramanyapuram,06-12-2018,Telugu,4.5,0.1976
Hushaaru,13-12-2018,Telugu,5.1,0.1319
Aatagadharaa Siva,20-07-2018,Telugu,7,0.1526
Aatagallu,24-08-2018,Telugu,4,0.1676
Bhale Manchi Chowka Beram,05-10-2018,Telugu,0,0.1031
Jamba Lakidi Pamba,22-06-2018,Telugu,7,0.1332
Manasuku Nachindi,16-02-2018,Telugu,2,0.2262
Needi Naadi Oke Katha,23-03-2018,Telugu,6.3,0.1295
Sharabha,22-11-2018,Telugu,0,0.1779
Happy Wedding,28-07-2018,Telugu,8,0.1379
Ammammagarillu,24-05-2018,Telugu,0,0.2019
Natakam,28-09-2018,Telugu,0,0.1155
Parichayam,21-07-2018,Telugu,0,0.1016
Adhugo,29-01-2018,Telugu,7,0.1118
Manu,07-09-2018,Telugu,6.5,0.1052
Pedavi Datani Matokatundhi,27-07-2018,Telugu,0,0.0722
Ye Mantram Vesave,09-03-2018,Telugu,1,0.1208
Anthervedam,21-09-2018,Telugu,0,0.0996
Tharuvatha Evaru,03-08-2018,Telugu,0,0.1038
Nartanasala,29-08-2018,Telugu,5.7,0.0983
Shambo Shankara,28-06-2018,Telugu,0,0.0071
Nannu Dochukunduvate,20-09-2018,Telugu,6.2,0.1344
U kathe hero,28-12-2018,Telugu,0,0.0848
Ratham,26-10-2018,Telugu,0,0.0928
Aghora,06-07-2018,Telugu,0,0.0831
24 Kisses,23-11-2018,Telugu,5.8,0.1064
Dr Prasad c/o sitara,01-01-2018,Telugu,0,0.0714
Anaganaga O Premakatha,14-12-2018,Telugu,8,0.0643
A House of Time Traps,22-06-2018,Telugu,0,0.0595
Enduko Emo,16-03-2018,Telugu,0,0.0461
Juvva,23-02-2018,Telugu,5,0.0407
Anthaku Minchi,24-08-2018,Telugu,0,0.1016
Ego,19-01-2018,Telugu,0,0.0728
Sameeram,31-08-2018,Telugu,0,0.0536
Operation 2019,01-12-2018,Telugu,0,0.0598
A Strange Tale,23-09-2018,Telugu,0,0.0261
Manyam,03-08-2018,Telugu,0,0.0659
Subhalekha+lu,07-12-2018,Telugu,4.5,0.0311
Sri Chilukuru Balaji,01-01-2018,Telugu,0,0.0256
Rangu,23-11-2018,Telugu,0,0.0286
Time Robber,16-03-2018,Telugu,0,0.0214
Show Time,25-12-2018,Telugu,0,0.0387
Greedy Boy 'n' Magical Cap,04-05-2018,Telugu,0,0.0168
Desamlo Dongalu Paddaru,04-10-2018,Telugu,8,0.0327
Rachayitha,16-02-2018,Telugu,0,0.0289
Hot Neighbor Next Door,17-01-2018,Telugu,0,0.0214
Bewars,12-10-2018,Telugu,10,0.0143
Dhoolpet Ganesha,01-06-2018,Telugu,0,0.0261
Premanjali,17-08-2018,Telugu,0,0.0071
Best Lovers,08-06-2018,Telugu,0,0.0071
Sanjeevani,29-06-2018,Telugu,0,0
Sivakasipuram,03-08-2018,Telugu,0,0.0071
Murder @ 10 AM,29-03-2018,Telugu,0,0
Rakshasudu,18-07-2019,Telugu,7.7,2.772
Dear Comrade,26-07-2019,Telugu,6.9,1.1638
Saaho,29-08-2019,Telugu,5.9,1.6501
Jersey,19-04-2019,Telugu,8.1,1.1572
Yatra,08-02-2019,Telugu,6.7,0.8217
Jessie,15-03-2019,Telugu,4.4,1.32
Vinaya Vidheya Rama,11-01-2019,Telugu,4,0.7869
Maharshi,09-05-2019,Telugu,6.9,0.7351
90ML,06-12-2019,Telugu,5.5,0.4801
N.T.R: Kathanayakudu,09-01-2019,Telugu,4.9,0.725
Nani's Gang Leader,13-09-2019,Telugu,7.148,1.9816
Oh! Baby,04-07-2019,Telugu,6.7,0.5627
Sye Raa Narasimha Reddy,27-09-2019,Telugu,6.3,0.7091
Amma Rajyam Lo Kadapa Biddalu,12-12-2019,Telugu,6,0.344
Majili,05-04-2019,Telugu,6.2,0.4987
Tenali Ramakrishna BA.BL,15-11-2019,Telugu,5,0.6749
Venky Mama,13-12-2019,Telugu,4.1,0.3296
F2: Fun and Frustration,12-01-2019,Telugu,5.5,0.514
Evaru,15-08-2019,Telugu,7,0.5871
iSmart Shankar,18-07-2019,Telugu,5,0.4061
Mr. Majnu,25-01-2019,Telugu,5.2,0.5785
Brochevarevarura,28-06-2019,Telugu,7,0.4183
Agent Sai Srinivasa Athreya,21-06-2019,Telugu,7.4,0.3789
Ninu Veedani Needanu Nene,12-07-2019,Telugu,6.1,0.315
1st Rank Raju,21-06-2019,Telugu,3,0.3578
Voter,21-06-2019,Telugu,0,0.2417
Manmadhudu 2,09-08-2019,Telugu,5.3,0.3
Iddari Lokam Okate,25-12-2019,Telugu,4,0.3047
Mallesham,21-06-2019,Telugu,8,0.3853
Chanakya,31-10-2019,Telugu,6.3,0.2755
N.T.R: Mahanayakudu,06-02-2019,Telugu,4.5,0.357
Chitralahari,13-04-2019,Telugu,6.8,0.2864
Falaknuma Das,12-04-2019,Telugu,5.6,0.3301
Ranarangam,15-08-2019,Telugu,5.636,0.4196
Mathu Vadalara,25-12-2019,Telugu,7.7,0.2506
Raja Vaaru Rani Gaaru,29-11-2019,Telugu,6.7,0.345
Guna 369,02-08-2019,Telugu,5.7,0.3333
Sita,24-05-2019,Telugu,6.2,0.347
Gaddalakonda Ganesh,19-09-2019,Telugu,6,0.2457
118,28-02-2019,Telugu,5.2,0.2911
Tholu Bommalata,22-11-2019,Telugu,5.5,0.2757
Raghupathi Venkaiah Naidu,29-11-2019,Telugu,0,0.1805
Raju Gari Gadhi 3,18-10-2019,Telugu,9.5,0.2429
Rajdooth,12-07-2019,Telugu,7,0.2377
Kalki,28-06-2019,Telugu,6.9,0.2481
Ragala 24 Gantallo,22-11-2019,Telugu,5,0.2546
Prati Roju Pandaage,20-12-2019,Telugu,6.5,0.2154
Ruler,20-12-2019,Telugu,7.625,0.2681
Dhrushti,25-07-2019,Telugu,0,0.1981
Bhagya Nagara Veedhullo Gammathu,06-12-2019,Telugu,0,0.2294
Burra Katha,29-06-2019,Telugu,6,0.1932
2 Hours Love,06-09-2019,Telugu,0,0.1477
Lakshmi's NTR,29-03-2019,Telugu,6.5,0.1896
Thipparaa Meesam,08-11-2019,Telugu,6,0.1575
Dorasaani,12-07-2019,Telugu,4,1.5022
Vishwamitra,14-06-2019,Telugu,0,0.1737
Mouname Ishtam,15-03-2019,Telugu,0,0.224
Prema Katha Chitram 2,06-04-2019,Telugu,6,0.1624
ABCD: American-Born Confused Desi,16-05-2019,Telugu,4.2,0.1932
Kousalya Krishnamurthy,23-08-2019,Telugu,0,0.2312
Special,21-06-2019,Telugu,6,0.1643
Chikati Gadilo Chithakotudu,22-03-2019,Telugu,5.8,0.2808
RDX Love,11-10-2019,Telugu,6.5,0.2027
Arjun Suravaram,29-03-2019,Telugu,5.2,0.1646
George Reddy,22-11-2019,Telugu,6.2,0.2175
Crazy Crazy Feeling,01-03-2019,Telugu,0,0.1122
Operation Gold Fish,18-10-2019,Telugu,1,0.1807
Seven,05-06-2019,Telugu,4.3,0.2436
Suryakantham,29-03-2019,Telugu,2.5,0.1784
Aaviri,01-11-2019,Telugu,7,0.127
Software Sudheer,28-12-2019,Telugu,6,0.1679
Boy,23-08-2019,Telugu,7,0.1834
Where Is The Venkatalakshmi,15-03-2019,Telugu,7.5,0.1438
Nene Mukyamantri,02-08-2019,Telugu,0,0.0872
Vinara Sodara Veera Kumara,22-03-2019,Telugu,8,0.1892
Krishna Rao Supermarket,18-10-2019,Telugu,3,0.1333
Edaina Jaragocchu,23-08-2019,Telugu,0,0.1447
Magnet,15-03-2019,Telugu,0,0.1639
Kothaga Maa Prayanam,25-01-2019,Telugu,0,0.1292
Prema Janta,28-06-2019,Telugu,0,0.1889
Hippi,06-06-2019,Telugu,0,0.2061
Jodi,02-09-2019,Telugu,7.5,0.1982
Romantic Criminals,17-05-2019,Telugu,10,0.1286
Kathanam,09-08-2019,Telugu,2,0.0925
Evadu Thakkuva Kaadu,24-05-2019,Telugu,0,0.1255
Evvarikee Cheppoddu,08-10-2019,Telugu,6.5,0.0798
Madhanam,06-12-2019,Telugu,0,0.1017
Mithai,22-02-2019,Telugu,6.7,0.104
Vajra Kavachadhara Govinda,14-06-2019,Telugu,5,0.0948
Sivaranjani,02-08-2019,Telugu,0,0.07
Mis(s) Match,06-12-2019,Telugu,0,0.0656
Malli Malli Chusa,18-10-2019,Telugu,0,0.0497
Yedu Chepala Kadha,07-11-2019,Telugu,0,0.1091
TEARS of AaMIN,16-06-2019,Telugu,0,0.0621
Nenu Na Nagarjuna,20-10-2019,Telugu,0,0.0714
Kobbari Matta,10-08-2019,Telugu,5,0.0643
The Blood,25-12-2019,Telugu,0,0.0739
Ninnu Thalachi,27-09-2019,Telugu,8,0.0571
Prema Antha Easy Kadu,29-03-2019,Telugu,0,0.0448
Diksoochi,16-08-2019,Telugu,0,0.0338
Rahasyam,01-02-2019,Telugu,0,0.0416
Thupaki Ramudu,25-10-2019,Telugu,0,0.0423
Beach Road Chetan,22-11-2019,Telugu,6,0.0306
Nivaasi,23-08-2019,Telugu,0,0.0382
Heza,12-12-2019,Telugu,5,0.1206
Rama Chakkani Seetha,27-09-2019,Telugu,6,0.0368
Nenu Lenu,26-07-2019,Telugu,0,0.0311
Hawaa,23-08-2019,Telugu,1,0.0286
Nenu Aadhi Madyalo Maa Nanna,01-01-2019,Telugu,0,0.0311
Bailampudi,27-07-2019,Telugu,9,0.0143
Bilalpur Police Station,15-03-2019,Telugu,0,0.0143
Darpanam,06-09-2019,Telugu,0,0.0214
Undiporaadhey,06-09-2019,Telugu,0,0.0071
Ala Vaikunthapurramuloo,12-01-2020,Telugu,6.7,2.1605
V,05-09-2020,Telugu,6.748,1.1816
Bheeshma,21-02-2020,Telugu,6.1,0.6008
Krishna and His Leela,24-06-2020,Telugu,4.5,0.4401
Sarileru Neekevvaru,10-01-2020,Telugu,6.2,0.6951
Nishabdham,02-10-2020,Telugu,5.647,0.5345
World Famous Lover,14-02-2020,Telugu,5.5,0.573
Miss India,04-10-2020,Telugu,4.2,0.6624
Disco Raja,24-01-2020,Telugu,6.7,0.4645
HIT: The First Case,28-02-2020,Telugu,6.571,0.4566
Jaanu,06-02-2020,Telugu,5.2,0.4203
Dirty Hari,18-12-2020,Telugu,6.4,0.373
Aswathama,31-01-2020,Telugu,6.7,0.2829
Uma Maheswara Ugra Roopasya,30-07-2020,Telugu,7,0.3861
Entha Manchivaadavuraa,15-01-2020,Telugu,6.2,0.2371
Maguva,05-09-2020,Telugu,7,0.2947
Narthanasala,24-10-2020,Telugu,0,0.1835
302,12-03-2020,Telugu,0,0.2254
Anaganaga O Athidhi,20-11-2020,Telugu,8,0.22
Bhanumathi & Ramakrishna,03-07-2020,Telugu,6.4,0.1545
Bombhaat,03-12-2020,Telugu,6,0.2356
Solo Brathuke So Better,24-12-2020,Telugu,5.7,0.1643
Saradhi,10-07-2020,Telugu,0,0.2618
Antharatma 3,09-11-2020,Telugu,3,0.1372
Middle Class Melodies,20-11-2020,Telugu,6.7,0.3295
Anukunnadhi Okkati Aynadhi Okkati,06-03-2020,Telugu,0,0.1569
Pressure Cooker,21-02-2020,Telugu,5.6,0.2245
Colour Photo,23-10-2020,Telugu,7.4,0.1949
Dhira,14-11-2020,Telugu,9,0.1365
Raahu,28-02-2020,Telugu,4.5,0.1832
3 Monkeys,07-02-2020,Telugu,0,0.7612
Choosi Choodangaane,31-01-2020,Telugu,5.5,0.1628
Nirbandham,06-10-2020,Telugu,0,0.1619
Run,29-05-2020,Telugu,1,0.1628
Antharatma (The Inner Soul),24-03-2020,Telugu,7,0.1737
IIT Krishnamurthy,10-12-2020,Telugu,1,0.1689
Johaar,14-08-2020,Telugu,5,0.11
Orey Bujjiga,01-10-2020,Telugu,6.5,0.1516
Maa Vintha Gaadha Vinuma,13-11-2020,Telugu,5.1,0.161
Shiva 143,14-02-2020,Telugu,7,0.1124
Madha,13-03-2020,Telugu,3.3,0.1187
Guvva Gorinka,17-12-2020,Telugu,10,0.1193
Valayam,21-02-2020,Telugu,5.5,0.1443
Degree College,07-02-2020,Telugu,0,0.1081
Murder,24-12-2020,Telugu,0,0.1919
Beautiful,06-01-2020,Telugu,1,0.1173
Eureka,13-03-2020,Telugu,0,0.1535
4 Letters,22-02-2020,Telugu,0,0.1124
O Pitta Katha,06-03-2020,Telugu,6.5,0.1534
Prema Pipasi,13-03-2020,Telugu,0,0.0711
Metro Kathalu,14-08-2020,Telugu,0,0.1447
Naked,27-06-2020,Telugu,1.3,0.084
Palasa 1978,06-03-2020,Telugu,6.3,0.2832
Meka Suri,31-07-2020,Telugu,6,0.0491
Gatham,06-11-2020,Telugu,5.7,0.115
Amaram Akhilam Prema,18-09-2020,Telugu,0,0.087
Neevalle Nenunna,07-02-2020,Telugu,0,0.0379
Asalu Em Jarigindhante,02-08-2020,Telugu,0,0.0414
Cheema Prema Madhyalo Bhama,21-02-2020,Telugu,0,0.0505
Coronavirus,11-12-2020,Telugu,0,0.0443
My Sister's Friend,25-12-2020,Telugu,0,0.0281
Thriller,14-08-2020,Telugu,1,0.0404
Life Anubavinchu Raja,14-02-2020,Telugu,0,0.0382
Vitamin She,29-12-2020,Telugu,0,0.0239
Screenplay of an Indian Love Story,06-03-2020,Telugu,0,0.0806
Bucchinaidu Kandriga,21-08-2020,Telugu,0,0.0327
Oka Chinna Viramam,14-02-2020,Telugu,0,0.0495
Brave Spirit,18-06-2020,Telugu,0,0.0239
Manasanamaha,16-08-2020,Telugu,3.5,0.0261
Raju Gari Kidnap,05-04-2020,Telugu,0,0.0239
Savaari,07-02-2020,Telugu,6.1,0.0289
Murder,24-12-2020,Telugu,0,0.0362
Shivan,13-03-2020,Telugu,0,0.0362
Erra Cheera,12-09-2020,Telugu,0,0.0071
I Have A Cinema,25-12-2020,Telugu,10,0.0143
Meka Suri 2,27-11-2020,Telugu,0,0.0214
Beer Fiction,04-05-2020,Telugu,0,0.0143
An Apparition,23-04-2020,Telugu,0,0.0071
Parannageevi,25-07-2020,Telugu,0,0.0071
Oka Chinna Prema Katha,03-09-2020,Telugu,0,0.0071
Pushpa: The Rise - Part 1,16-12-2021,Telugu,7.034,4.6943
Shyam Singha Roy,24-12-2021,Telugu,6.941,1.1871
Uppena,12-02-2021,Telugu,5.9,1.0096
Tuck Jagadish,09-09-2021,Telugu,5.2,0.9905
Check,20-02-2021,Telugu,5.5,0.629
Most Eligible Bachelor,15-10-2021,Telugu,6.1,0.7616
Republic,01-10-2021,Telugu,6.9,0.5409
Ninnila Ninnila,26-02-2021,Telugu,7,0.6255
Romantic,29-10-2021,Telugu,4.2,0.6041
Jathi Ratnalu,11-03-2021,Telugu,7.2,0.6089
Thimmarusu: Assignment Vali,30-07-2021,Telugu,7.8,0.445
Pelli SandaD,15-10-2021,Telugu,5.5,0.6746
Red,14-01-2021,Telugu,5.4,0.5655
Wild Dog,02-04-2021,Telugu,5.6,0.5698
Zombie Reddy,05-02-2021,Telugu,6.2,0.34
Varudu Kaavalenu,29-10-2021,Telugu,7.8,0.4215
Gamanam,10-12-2021,Telugu,7.3,0.3408
Maa Oori Polimera,10-12-2021,Telugu,6.1,0.3461
Eakam,29-10-2021,Telugu,7.2,0.2834
Vakeel Saab,09-04-2021,Telugu,6.4,0.4391
Narappa,20-07-2021,Telugu,6.75,0.3937
Maestro,17-09-2021,Telugu,5.1,0.2874
Drushyam 2,25-11-2021,Telugu,6.8,0.3088
Power Play,05-03-2021,Telugu,6.2,0.3098
Gaali Sampath,11-03-2021,Telugu,4.7,0.3215
#Bro,26-11-2021,Telugu,6,0.2882
Pushpaka Vimanam,12-11-2021,Telugu,6,0.2883
Ichata Vahanamulu Nilupa Radu,27-08-2021,Telugu,6,0.361
Manchi Rojulochaie,04-11-2021,Telugu,6,0.2308
Cinema Bandi,14-05-2021,Telugu,6.7,0.3249
April 28th Em Jarigindi,27-02-2021,Telugu,6,0.2212
Raja Vikramarka,12-11-2021,Telugu,7.2,0.297
Kapatadhaari,19-02-2021,Telugu,5.8,0.3106
Maaya,27-05-2021,Telugu,0,0.2508
Seetimaarr,10-09-2021,Telugu,5.2,0.2921
Akshara,26-02-2021,Telugu,0,0.2098
Super Over,22-01-2021,Telugu,4.8,0.2592
G-Zombie,05-02-2021,Telugu,5.6,0.348
Mosagallu,19-03-2021,Telugu,5.2,0.2833
Sridevi Soda Center,27-08-2021,Telugu,5.9,0.1638
A1 Express,05-03-2021,Telugu,4.5,0.266
SR Kalyanamandapam,06-08-2021,Telugu,6.5,0.2331
Heads & Tales,22-10-2021,Telugu,1,0.1682
Skylab,04-12-2021,Telugu,8.2,0.2536
Konda Polam,08-10-2021,Telugu,6.5,0.2639
Krack,09-01-2021,Telugu,5.864,0.2834
Nireekshana,05-03-2021,Telugu,0,0.2045
WWW,24-12-2021,Telugu,7.5,0.1899
Akhanda,02-12-2021,Telugu,5.5,0.3452
Cycle,15-01-2021,Telugu,0,0.2025
Kshana Kshanam,26-02-2021,Telugu,0,0.2061
Ram Asur,19-11-2021,Telugu,9,0.1996
Idhe Maa Katha,01-10-2021,Telugu,0,0.1837
Plan B,17-09-2021,Telugu,6,0.2235
Climax,05-03-2021,Telugu,5,0.221
30 Rojullo Preminchadam Ela?,29-01-2021,Telugu,6,0.2547
Nootokka Jillala Andagadu,03-09-2021,Telugu,0,0.2576
Arjuna Phalguna,31-12-2021,Telugu,6.5,0.2029
Sreekaram,11-03-2021,Telugu,6.2,0.1715
FCUK: Father Chitti Umaa Kaarthik,12-02-2021,Telugu,1,0.2207
Poster,19-11-2021,Telugu,0,0.1508
Rang De,26-03-2021,Telugu,6.1,0.2286
A (Ad Infinitum),05-03-2021,Telugu,6,0.2635
Raani,09-02-2021,Telugu,0,0.191
Alludu Adhurs,14-01-2021,Telugu,5.2,0.3237
Bangaru Bullodu,23-01-2021,Telugu,6,0.25
Sorry DAD,26-06-2021,Telugu,5,0.2452
Natyam,22-10-2021,Telugu,8.2,0.1448
Kanabadutaledu,19-08-2021,Telugu,0,0.1675
Cauliflower,26-11-2021,Telugu,8,0.1348
Merise Merise,06-08-2021,Telugu,5.5,0.2104
Aaradugula Bullet,08-10-2021,Telugu,2.5,0.2492
Sundari,13-08-2021,Telugu,8,0.2358
Thellavarithe Guruvaram,26-03-2021,Telugu,6.8,0.2238
Chaavu Kaburu Challaga,19-03-2021,Telugu,6.4,0.1413
Crrush,09-07-2021,Telugu,0,0.2213
TRUE,30-04-2021,Telugu,6.9,0.1526
Maha Samudram,14-10-2021,Telugu,4.8,0.1965
Back Door,18-12-2021,Telugu,0,0.1418
Jai Sena,29-01-2021,Telugu,0,0.1458
Paagal,20-08-2021,Telugu,3.3,0.2251
Love Story,24-09-2021,Telugu,7.7,0.3028
Ippudu Kaaka Inkeppudu,06-08-2021,Telugu,0,0.1467
Ek Mini Katha,27-05-2021,Telugu,6.3,0.2356
MAD,23-04-2021,Telugu,5.6,0.1809
Tempt Raja,16-04-2021,Telugu,0,0.2129
Family Drama,29-10-2021,Telugu,10,0.161
Sashi,19-03-2021,Telugu,7,0.1709
Vivaha Bhojanambu,27-08-2021,Telugu,5,0.1735
Savitri W/O Satyamurthy,19-11-2021,Telugu,0,0.1367
Ishq,30-07-2021,Telugu,3.5,0.1101
Y,02-04-2021,Telugu,6.5,0.0988
Ardha Shathabdham,11-06-2021,Telugu,0,0.149
Raja Raja Chora,19-08-2021,Telugu,6.5,0.4194
Doubt,04-07-2021,Telugu,0,0.1818
Guduputani,17-09-2021,Telugu,0,0.1774
Deyyam,12-04-2021,Telugu,0,0.123
Lakshya,10-12-2021,Telugu,5.7,0.2391
Salt,16-03-2021,Telugu,0,0.1695
Gully Rowdy,17-09-2021,Telugu,6.3,0.1309
NET,10-09-2021,Telugu,0,0.0994
Anubhavinchu Raja,26-11-2021,Telugu,4,0.1736
Lawyer Viswanath,26-02-2021,Telugu,0,0.1246
Naandhi,19-02-2021,Telugu,7.3,0.131
Adbhutham,19-11-2021,Telugu,6.4,0.1934
Senapathi,31-12-2021,Telugu,8.5,0.1324
Saranam Gacchami,10-12-2021,Telugu,0,0.0974
Thank You Brother!,07-05-2021,Telugu,7,0.1438
Play Back,05-03-2021,Telugu,7.5,0.2008
Shaadi Mubarak,05-03-2021,Telugu,6.5,0.1485
Missing,19-11-2021,Telugu,4.5,0.0786
Mugguru Monagallu,06-08-2021,Telugu,6,0.0759
Dear Megha,03-09-2021,Telugu,10,0.0811
Shukra,23-04-2021,Telugu,1,0.1104
Uttama Kali Purushudu,25-03-2021,Telugu,0,0.1102
Crazy Uncles,19-08-2021,Telugu,0,0.0841
The Rose Villa,01-10-2021,Telugu,7.5,0.085
Pachchis,11-06-2021,Telugu,5.8,0.0585
MMOF,26-02-2021,Telugu,0,0.1008
Ee Kathalo Paathralu Kalpitam,26-03-2021,Telugu,0,0.0828
1997,26-11-2021,Telugu,0,0.2089
Sita on the Road,05-03-2021,Telugu,0,0.0839
Children of WONDERS : The Struggle of Fareeda,20-08-2021,Telugu,0,0.0685
Annapurnamma Gari Manavadu,04-02-2021,Telugu,0,0.0787
Amma Deevena,30-07-2021,Telugu,0,0.1298
Mail,12-01-2021,Telugu,5.6,0.1864
Gadavani Kaalam,01-03-2021,Telugu,0,0.0534
Devarakondalo Vijay Premakatha,11-03-2021,Telugu,0,0.12
Wild World,20-01-2021,Telugu,0,0.0766
Ooriki Uttharana,19-11-2021,Telugu,0,0.0782
Chalo Premiddam,19-11-2021,Telugu,0,0.092
Ravana Lanka,19-11-2021,Telugu,0,0.088
Asmee,03-09-2021,Telugu,0,0.0739
Musica of Hiem,26-06-2021,Telugu,0,0.0557
Rakshasi,22-01-2021,Telugu,0,0.07
Pranavam,05-02-2021,Telugu,0,0.0509
Nenu Leni Na Premakatha,08-10-2021,Telugu,7,0.091
Kapata Nataka Sutradhari,12-11-2021,Telugu,7,0.0478
Journalist,05-02-2021,Telugu,0,0.0468
Death Note,05-07-2021,Telugu,0,0.0534
Bomma Adirindi Dimma Tirigindi,05-02-2021,Telugu,0,0.0398
Itlu Amma,08-10-2021,Telugu,0,0.047
Ksheera Sagara Madhanam,06-08-2021,Telugu,1,0.0642
Priyuraalu,17-09-2021,Telugu,0,0.0461
Aakashavaani,24-09-2021,Telugu,7,0.0673
Tera Venuka,01-01-2021,Telugu,0,0.05
Chandamama raave ASAP,02-07-2021,Telugu,0,0.0673
Chitti Babu,15-04-2021,Telugu,0,0.0404
Asalem Jarigindi,22-10-2021,Telugu,0,0.0327
Under the Garden,13-01-2021,Telugu,0,0.0239
Madhura Wines,22-10-2021,Telugu,2,0.0646
Killer,10-09-2021,Telugu,0,0.0168
Clue: A Love Thriller,24-09-2021,Telugu,0,0.0286
Cab Stories,28-05-2021,Telugu,0,0.0214
The Scene,01-06-2021,Telugu,0,0.0453
The Ghost Resort,20-01-2021,Telugu,0,0.0286
Gulte Gang,11-04-2021,Telugu,0,0.0256
Point Blank,03-10-2021,Telugu,0,0.0261
Emotional Fool,26-03-2021,Telugu,0,0.0214
Ja,30-07-2021,Telugu,0,0.0214
Nuvvante Pichhe,14-05-2021,Telugu,0,0.0143
Bazaar Rowdy,20-08-2021,Telugu,0,0.0143
DVA,07-08-2021,Telugu,0,0.0143
Gramam,13-01-2021,Telugu,0,0.0071
Atma Vasikaranam,07-05-2021,Telugu,0,0.0071
Radha Krishna,05-02-2021,Telugu,0,0.0071
Poles Apart,04-04-2021,Telugu,0,0.0071
RRR,24-03-2022,Telugu,7.746,7.5808
Major,03-06-2022,Telugu,7.1,1.6761
Acharya,29-04-2022,Telugu,4.2,1.4112
Sita Ramam,05-08-2022,Telugu,7.8,1.6233
Liger,25-08-2022,Telugu,4.5,1.0412
Radhe Shyam,10-03-2022,Telugu,5.1,1.0331
Rowdy Boys,13-01-2022,Telugu,7,0.6321
F3: Fun and Frustration,27-05-2022,Telugu,4.6,0.8597
Itlu Maredumilli Prajaneekam,25-11-2022,Telugu,5.3,0.6115
Odela Railway Station,26-08-2022,Telugu,7,0.7397
Masooda,18-11-2022,Telugu,6.8,0.6367
DJ Tillu,11-02-2022,Telugu,5.7,0.6768
Karthikeya 2,13-08-2022,Telugu,6.3,0.7801
Panchathantram,09-12-2022,Telugu,0,0.2693
Sarkaru Vaari Paata,11-05-2022,Telugu,5.6,0.6475
18 Pages,23-12-2022,Telugu,5.6,0.543
Urvasivo Rakshasivo,04-11-2022,Telugu,5.5,0.5928
Yashoda,11-11-2022,Telugu,6.2,0.8171
Bangarraju,14-01-2022,Telugu,6.5,0.4924
HIT: The 2nd Case,02-12-2022,Telugu,6.9,0.6194
Bhamakalapam,11-02-2022,Telugu,6.7,0.323
Ranga Ranga Vaibhavanga,02-09-2022,Telugu,4.6,0.9754
Krishna Vrinda Vihari,23-09-2022,Telugu,5.3,0.5409
Repeat,01-12-2022,Telugu,5,0.3192
Ante... Sundaraniki!,10-06-2022,Telugu,7,0.5809
Dhamaka,23-12-2022,Telugu,4.1,0.5596
Ammu,19-10-2022,Telugu,8.1,0.6175
GodFather,05-10-2022,Telugu,5.8,0.6079
Macherla Niyojakavargam,12-08-2022,Telugu,5.1,0.4705
The Ghost,05-10-2022,Telugu,4.4,0.4928
Mishan Impossible,01-04-2022,Telugu,6.1,0.528
Son of India,18-02-2022,Telugu,4,0.3357
The Warriorr,14-07-2022,Telugu,5.1,0.49
Ramarao On Duty,29-07-2022,Telugu,6.7,0.6131
Dongalunnaru Jagratha,23-09-2022,Telugu,2,0.4318
Induvadana,01-01-2022,Telugu,8,0.4444
Ori Devuda..!,21-10-2022,Telugu,6.8,0.4522
Black,28-05-2022,Telugu,0,0.2922
Seetharamapuramlo,18-11-2022,Telugu,0,0.3535
Jetty,28-10-2022,Telugu,0,0.2419
Alluri,23-09-2022,Telugu,4.5,0.3154
Thank You,21-07-2022,Telugu,5.7,0.3013
Happy Birthday,08-07-2022,Telugu,6.2,0.4343
Viraata Parvam,17-06-2022,Telugu,4.8,0.4543
Saakini Daakini,16-09-2022,Telugu,5.6,0.4967
Tees Maar Khan,19-08-2022,Telugu,6.2,0.341
Good Luck Sakhi,28-01-2022,Telugu,4.7,0.3468
Pakka Commercial,01-07-2022,Telugu,4.6,0.2874
Wanted PanduGod,19-08-2022,Telugu,7,0.3854
Bheemla Nayak,25-02-2022,Telugu,5.7,0.3734
Highway,19-08-2022,Telugu,8,0.3669
Thaggedhe Le,04-11-2022,Telugu,7,0.3027
Hero,15-01-2022,Telugu,5.7,0.256
10th Class Diaries,01-07-2022,Telugu,7,0.3229
First Day First Show,01-09-2022,Telugu,4.3,0.2676
Bimbisara,05-08-2022,Telugu,6,0.3111
Crazy Fellow,14-10-2022,Telugu,7,0.3676
Khiladi,11-02-2022,Telugu,5.6,0.4114
Raajahyogam,30-12-2022,Telugu,0,0.2505
Shekar,20-05-2022,Telugu,0,0.2344
Mukhachitram,09-12-2022,Telugu,7,0.2776
Sasanasabha,16-12-2022,Telugu,4.5,0.3055
Ghani,07-04-2022,Telugu,6.1,0.2596
Leharaayi,09-12-2022,Telugu,0,0.2823
Aadavaallu Meeku Johaarlu,04-03-2022,Telugu,3.9,0.3103
Pickpocket,03-06-2022,Telugu,0,0.2989
Sheelavathi,27-05-2022,Telugu,0,0.1648
Godse,17-06-2022,Telugu,5,0.236
Geetha,14-10-2022,Telugu,0,0.1791
Aa Ammayi Gurinchi Meeku Cheppali,16-09-2022,Telugu,4.8,0.2637
Ashoka Vanamlo Arjuna Kalyanam,06-05-2022,Telugu,7.4,0.2788
Ginna,21-10-2022,Telugu,6,0.2549
Kalapuram,26-08-2022,Telugu,0,0.2573
Andaru Bagundali Andulo Nenundali,28-10-2022,Telugu,6,0.2944
Kinnerasani,10-06-2022,Telugu,7.5,0.2819
Stand Up Rahul,18-03-2022,Telugu,7,0.2428
#69 Samskar Colony,18-03-2022,Telugu,3.5,0.2189
Butterfly,29-12-2022,Telugu,5.8,0.1796
Cheppalani Undhi,09-12-2022,Telugu,7,0.2113
Atithi Devobhava,07-01-2022,Telugu,6.3,0.1959
Swathi Muthyam,05-10-2022,Telugu,6.7,0.188
Bomma Blockbuster,04-11-2022,Telugu,0,0.1955
Sivudu,21-12-2022,Telugu,0,0.1682
Malli Modalaindi,11-02-2022,Telugu,6.2,0.2268
Mangalyam,08-08-2022,Telugu,0,0.2296
Katha Kanchiki Manam Intiki,08-04-2022,Telugu,7,0.1642
Sebastian P.C. 524,04-03-2022,Telugu,4.7,0.2092
Focus,28-10-2022,Telugu,0,0.2447
Gandharwa,08-07-2022,Telugu,0,0.1736
PORTRAIT.,12-07-2022,Telugu,0,0.1395
Neetho,14-10-2022,Telugu,7,0.1778
Negative,02-01-2022,Telugu,0,0.1571
Uniki,28-01-2022,Telugu,7,0.1786
Kavisamrat,14-01-2022,Telugu,0,0.1466
One By Two,22-04-2022,Telugu,0,0.146
Jayamma Panchayathi,06-05-2022,Telugu,7,0.1575
Bloody Mary,15-04-2022,Telugu,5.3,0.1698
Chittam Maharani,30-06-2022,Telugu,2,0.1357
Anukoni Prayanam,28-10-2022,Telugu,7,0.1255
Super Machi,14-01-2022,Telugu,9,0.127
Shikaaru,01-07-2022,Telugu,7,0.172
Chor Bazaar,24-06-2022,Telugu,0,0.1534
The American Dream,14-01-2022,Telugu,6.5,0.1855
Iravatham,06-05-2022,Telugu,7,0.1788
Darja,22-07-2022,Telugu,7,0.1383
Nachindi Girl Friendu,11-11-2022,Telugu,0,0.1762
Sammathame,24-06-2022,Telugu,7,0.1816
Korameenu,30-12-2022,Telugu,0,0.1458
SECLUDED,23-06-2022,Telugu,0,0.1794
Gangster Gangaraju,24-06-2022,Telugu,6,0.1538
Gaalodu,18-11-2022,Telugu,0,0.1602
Pratibimbalu,05-11-2022,Telugu,0,0.1227
Lucky Lakshman,30-12-2022,Telugu,6.3,0.1199
Like Share & Subscribe,04-11-2022,Telugu,6,0.1737
Bujji... Ila Raa,02-09-2022,Telugu,7,0.1079
Veyi Subhamulu Kalugu Neeku,07-01-2022,Telugu,2,0.0952
Kotha Kothaga,09-09-2022,Telugu,0,0.1125
7 Days 6 Nights,24-06-2022,Telugu,6,0.105
Commitment,19-08-2022,Telugu,0,0.1184
Kothala Rayudu,04-02-2022,Telugu,0,0.1264
Balamevvadu,01-10-2022,Telugu,0,0.1068
Aakasha Veedhullo,02-09-2022,Telugu,0,0.1187
Panchatantra Kathalu,29-07-2022,Telugu,0,0.1153
Kondaa,23-06-2022,Telugu,0,0.0951
Gurtunda Seetakalam,09-12-2022,Telugu,5.2,0.1454
Top Gear,30-12-2022,Telugu,7,0.1656
Sadha Nannu Nadipe,24-06-2022,Telugu,0,0.0832
Jagamemaya,15-12-2022,Telugu,0,0.0757
Virgin Story,18-02-2022,Telugu,7,0.0822
Sehari,11-02-2022,Telugu,7,0.0693
Ranasthali,26-11-2022,Telugu,6.5,0.0698
Dream Boy,08-07-2022,Telugu,0,0.0729
Nathicharami,18-03-2022,Telugu,0,0.1004
Marriage Story,04-04-2022,Telugu,0,0.07
Valliddari Madhya,16-12-2022,Telugu,7,0.0797
Kishore Kumar,02-10-2022,Telugu,0,0.0748
Degala Babji,20-05-2022,Telugu,0,0.0568
Bhala Thandanana,06-05-2022,Telugu,7.2,0.0614
3E,04-02-2022,Telugu,9,0.0602
Kerosene,17-06-2022,Telugu,7,0.1382
Rahasya,09-09-2022,Telugu,0,0.0474
Karan Arjun,14-12-2022,Telugu,0,0.07
Mr. Tharak,04-11-2022,Telugu,0,0.1024
Niku Naku Pellanta Tom Tom Tom,18-02-2022,Telugu,8,0.0536
Boyfriend For Hire,14-10-2022,Telugu,0,0.0965
Ettulu,11-09-2022,Telugu,0,0.0478
Nenu Meeku Baaga Kavalsinavaadini,16-09-2022,Telugu,4,0.0602
Pellikuturu Party,24-06-2022,Telugu,6.2,0.0388
Vishwak,18-02-2022,Telugu,0,0.0577
Madhi,11-11-2022,Telugu,0,0.045
Nenu C/o Nuvvu,30-09-2022,Telugu,0,0.0454
Banjara Sangam,01-06-2022,Telugu,0,0.0457
Srirangapuram,09-09-2022,Telugu,0,0.042
PM In Hyderabad,02-10-2022,Telugu,0,0.0755
The Land,15-07-2022,Telugu,0,0.0286
Nenevaru,02-12-2022,Telugu,0,0.0286
WET,13-04-2022,Telugu,8,0.0256
Aasha Encounter,01-01-2022,Telugu,0,0.0495
Vaade Veedu,13-06-2022,Telugu,0,0.0239
Dhrukkonam,25-08-2022,Telugu,0,0.0143
Half Stories,07-01-2022,Telugu,0,0.0143
Palakadu,18-03-2022,Telugu,7,0.0143
Ikshu,23-09-2022,Telugu,0,0.0143
Paga Paga Paga,30-09-2022,Telugu,0,0.0214
Vindhu Bhojanam,24-06-2022,Telugu,9,0.0071
Her Presence (Essence Of Love),22-02-2022,Telugu,10,0.0214
Gully Gang,11-02-2022,Telugu,0,0.0214
Uuuggghhh,30-09-2022,Telugu,3,0.0143
Madhan Ramu,21-10-2022,Telugu,9,0.0143
Accomplices,14-10-2022,Telugu,0,0.0071
Clouds Of August,02-12-2022,Telugu,0,0.0071
Muthayya,09-05-2022,Telugu,0,0.0071
Peechu Mittai,13-05-2022,Telugu,0,0
One Step,03-07-2022,Telugu,0,0
Salaar: Part 1 - Ceasefire,21-12-2023,Telugu,6.804,5.2191
MAD,06-10-2023,Telugu,6.429,2.8215
Hi Nanna,07-12-2023,Telugu,7.7,2.5468
Amigos,10-02-2023,Telugu,4.7,1.7668
Agent,27-04-2023,Telugu,4.667,1.612
Hunt,26-01-2023,Telugu,4.2,0.8067
Phalana Abbayi Phalana Ammayi,17-03-2023,Telugu,5.5,1.1194
Ramabanam,05-05-2023,Telugu,3.7,0.8238
Dasara,30-03-2023,Telugu,7,1.1995
Ravanasura,07-04-2023,Telugu,4.9,0.6229
Devil,29-12-2023,Telugu,6.7,0.7307
Bhagavanth Kesari,19-10-2023,Telugu,5.8,0.9734
Aadikeshava,23-11-2023,Telugu,7,0.8292
Kushi,31-08-2023,Telugu,5.1,0.7233
Waltair Veerayya,13-01-2023,Telugu,5.4,0.7
Tiger Nageswara Rao,20-10-2023,Telugu,5.9,0.706
7:11 PM,07-07-2023,Telugu,4.4,0.8652
BRO,27-07-2023,Telugu,6.5,0.6666
Skanda,27-09-2023,Telugu,3.6,0.6053
Gandeevadhari Arjuna,24-08-2023,Telugu,6.9,0.6667
Bhola Shankar,10-08-2023,Telugu,4.8,0.5887
Rangabali,07-07-2023,Telugu,6.2,0.5501
Virupaksha,20-04-2023,Telugu,7.1,0.8206
Miss. Shetty Mr. Polishetty,07-09-2023,Telugu,6.1,0.5076
Meter,07-04-2023,Telugu,3.7,0.516
Asvins,23-06-2023,Telugu,3.8,0.6103
Vidyarthi,29-04-2023,Telugu,0,0.2415
Extra Ordinary Man,07-12-2023,Telugu,6.1,0.4748
Yaan Superstar,22-09-2023,Telugu,0,0.3331
Bubblegum,29-12-2023,Telugu,4.5,0.3861
Organic Mama Hybrid Alludu,03-03-2023,Telugu,7,0.3187
Pindam,15-12-2023,Telugu,6.8,0.2894
Pop Corn,10-02-2023,Telugu,4.5,0.407
Month of Madhu,06-10-2023,Telugu,6.3,0.2625
Maa Guruvu Bharathiraja Ki Jathakam Cheppadam Kuda Telusu,18-12-2023,Telugu,0,0.2527
Vimanam,09-06-2023,Telugu,8,0.2367
Tantiram,06-10-2023,Telugu,5.3,0.2527
Baby,14-07-2023,Telugu,6.3,0.4065
CSI Sanatan,10-03-2023,Telugu,4.7,0.2357
The Suicide Note,12-03-2023,Telugu,6,0.4005
Hello.. Meera..!,21-04-2023,Telugu,5.8,0.269
Mangalavaaram,17-11-2023,Telugu,4.8,0.5511
Rudrangi,07-07-2023,Telugu,7,0.368
Idi Bhimanjaneyudi Story,28-12-2023,Telugu,0,0.2152
Custody,12-05-2023,Telugu,5.313,0.4287
Anni Manchi Sakunamule,18-05-2023,Telugu,5.4,0.2483
Mr. King,24-02-2023,Telugu,7,0.2648
Das Ka Dhamki,22-03-2023,Telugu,5.8,0.2685
Hidimbha,20-07-2023,Telugu,7,0.3464
Bedurulanka 2012,25-08-2023,Telugu,6.6,0.4209
Butta Bomma,26-01-2023,Telugu,5.8,0.3477
Writer Padmabhushan,03-02-2023,Telugu,5.8,0.2794
Che,22-09-2023,Telugu,0,0.1839
Chakravyuham,02-06-2023,Telugu,5,0.3205
Shaakuntalam,14-04-2023,Telugu,4.2,0.419
Spy,29-06-2023,Telugu,5.6,0.274
THE HOPE,13-07-2023,Telugu,0,0.1573
Suvarna Sundari,03-02-2023,Telugu,0,0.2276
Unstoppable,09-06-2023,Telugu,7,0.2671
Ahimsa,02-06-2023,Telugu,7,0.1997
Veera Simha Reddy,12-01-2023,Telugu,4.8,0.2815
Maa Oori Polimera 2,02-11-2023,Telugu,5.9,0.2196
Rangamarthanda,22-03-2023,Telugu,6.3,0.2143
Ninnu Chere Tarunam,30-06-2023,Telugu,3,0.2467
Mr. Pregnant,18-08-2023,Telugu,2,0.2503
Asalu,13-04-2023,Telugu,0,0.2841
Samajavaragamana,28-06-2023,Telugu,6.9,0.2347
Martin Luther King,27-10-2023,Telugu,9,0.2839
Spark,17-11-2023,Telugu,0,0.1915
Keedaa Cola,02-11-2023,Telugu,6.3,0.2687
Sridevi Shoban Babu,17-02-2023,Telugu,7,0.1747
Balagam,03-03-2023,Telugu,6.8,0.2406
Nagumome Chaalu Le,04-08-2023,Telugu,6.5,0.3492
Case 30,24-10-2023,Telugu,0,0.2017
Raa Raa... Penimiti,28-04-2023,Telugu,5,0.2067
Maya Petika,30-06-2023,Telugu,4,0.1561
Boo,27-05-2023,Telugu,4.7,0.236
Sathi Gani Rendu Ekaralu,26-05-2023,Telugu,7,0.2989
Music School,12-05-2023,Telugu,6,0.1878
Two Souls,21-04-2023,Telugu,0,0.7087
Bitcoin,18-04-2023,Telugu,0,0.1714
Maataraani Mounamidhi,24-02-2023,Telugu,0,0.1397
Bhaag Saale,07-07-2023,Telugu,6,0.3294
Geetasakshigaa,22-03-2023,Telugu,0,0.2053
Meet Cute,21-02-2023,Telugu,10,0.1051
Katha Venuka Katha,12-05-2023,Telugu,0,0.1891
Peddha Kapu - 1,27-09-2023,Telugu,7.2,0.1836
Malli Pelli,26-05-2023,Telugu,8,0.1412
O Kala,13-04-2023,Telugu,7,0.1592
Nenu Student Sir!,02-06-2023,Telugu,6,0.1205
Kota Bommali PS,24-11-2023,Telugu,7,0.1697
HER: Chapter 1,21-07-2023,Telugu,3.5,0.233
Gammathu,15-09-2023,Telugu,2,0.2614
Changure Bangaruraja,15-09-2023,Telugu,0,0.1312
Manu Charitra,23-06-2023,Telugu,0,0.1534
Ugram,05-05-2023,Telugu,5.7,0.2269
Paagal vs Kadhal,29-12-2023,Telugu,0,0.1993
Alaa Ninnu Cheri,10-11-2023,Telugu,0,0.1326
Mr. Kalyan,10-03-2023,Telugu,0,0.1298
Vinaro Bhagyamu Vishnu Katha,17-02-2023,Telugu,4.5,0.2007
Prema Vimanam,13-10-2023,Telugu,7,0.2064
Maama Mascheendra,06-10-2023,Telugu,2.5,0.1254
Rules Ranjann,06-10-2023,Telugu,0,0.2773
Premadesam,03-02-2023,Telugu,7,0.1768
Kalyanam Kamaneeyam,14-01-2023,Telugu,5.2,0.1237
Mistake,04-08-2023,Telugu,0,0.1443
Rudramambapuram,06-07-2023,Telugu,0,0.1766
Calling Sahasra,01-12-2023,Telugu,7,0.2001
Mem Famous,26-05-2023,Telugu,7.2,0.1639
Intinti Ramayanam,09-06-2023,Telugu,7,0.1639
Dochevaarevarura,11-03-2023,Telugu,0,0.1508
Atharva,01-12-2023,Telugu,0,0.1569
Sagiletikatha,13-10-2023,Telugu,0,0.1436
#MayaLo,15-12-2023,Telugu,0,0.1144
Vidhi,03-11-2023,Telugu,5,0.1309
My Name Is Shruthi,17-11-2023,Telugu,6.3,0.1067
#MenToo,26-05-2023,Telugu,7,0.139
Ustaad,12-08-2023,Telugu,5.8,0.1617
The Trial,24-11-2023,Telugu,0,0.1415
O Saathiya,07-07-2023,Telugu,0,0.1409
Pareshan,02-06-2023,Telugu,7,0.0847
The Great Indian Suicide,06-10-2023,Telugu,7,0.1419
Dahanam,31-03-2023,Telugu,0,0.1227
Valentines Night,26-01-2023,Telugu,0,0.1077
Mayagadu,15-02-2023,Telugu,6,0.1107
Plot,03-11-2023,Telugu,0,0.078
Bhuvanavijayam,12-05-2023,Telugu,2,0.1211
Slum Dog Husband,28-07-2023,Telugu,6,0.1289
Prem Kumar,18-08-2023,Telugu,6,0.0968
Upendra Gadi Adda,01-12-2023,Telugu,0,0.1009
Kranthi,03-03-2023,Telugu,5,0.1075
Raakshasa Kaavyam,06-10-2023,Telugu,6,0.1207
Em Chesthunnav,25-08-2023,Telugu,0,0.0873
Sindhooram,24-01-2023,Telugu,5,0.0526
Suit,20-05-2023,Telugu,0,0.0857
Breathe,02-12-2023,Telugu,0,0.0662
Jorugaa Husharugaa,15-12-2023,Telugu,5.5,0.053
Cheddi Gang Tamasha,10-02-2023,Telugu,0,0.105
Richie Gadi Pelli,03-03-2023,Telugu,0,0.0457
Annapurna Photo Studio,21-07-2023,Telugu,8,0.0533
Another,08-04-2023,Telugu,0,0.0448
Batshit Crazy,01-01-2023,Telugu,0,0.0562
Matti Katha,13-10-2023,Telugu,0,0.1061
Grandhalayam,03-03-2023,Telugu,0,0.0869
Anveshi,17-11-2023,Telugu,0,0.0533
Krishna Ghattam,03-11-2023,Telugu,0,0.0505
Grey: The Spy Who Loved Me,26-05-2023,Telugu,0,0.0379
Love You Ram,30-06-2023,Telugu,0,0.0363
Mon Ampere,13-05-2023,Telugu,6,0.0487
Madhurapudi Granam Ane Nenu,13-10-2023,Telugu,0,0.0659
Badmash Gallaki Bumper Offer,29-12-2023,Telugu,0,0.0479
Okkade 1 (Venkanna on Duty),27-10-2023,Telugu,0,0.0404
Mao Oori Cinema,12-10-2023,Telugu,0,0.0379
Premisthe Chachedi Meme,15-08-2023,Telugu,0,0.0338
Dead Line,24-02-2023,Telugu,0,0.0214
Costly Korikalu,24-07-2023,Telugu,0,0.0286
Why is the sky so beautiful?,10-09-2023,Telugu,0,0.0214
Sound Party,24-11-2023,Telugu,7,0.0261
Mahishasurudu,09-06-2023,Telugu,0,0.0387
Ramanna Youth,15-09-2023,Telugu,0,0.0256
Thathsama Thathbhava,15-09-2023,Telugu,3,0.0327
Narayana & Co,30-06-2023,Telugu,0,0.0662
Vidhi: The Resolution,10-11-2023,Telugu,7,0.0143
Thika Maka Thanda,15-12-2023,Telugu,0,0.0214
Vote (Chala Viluvainadi),27-10-2023,Telugu,0,0.0286
"Aavaalu, Jeelakarra, Chepala Pulusu",17-06-2023,Telugu,0,0.0956
Rebels of Thupakula Gudem,03-03-2023,Telugu,0,0.0214
Raaj Kahani,24-03-2023,Telugu,0,0.0143
A Journey to Kasi,06-01-2023,Telugu,0,0.0143
Rama Krishna,15-04-2023,Telugu,0,0.0143
Currency Nagar,29-12-2023,Telugu,0,0.0071
Saachi,03-03-2023,Telugu,0,0.0214
Rights,24-10-2023,Telugu,0,0.0143
2040,02-10-2023,Telugu,0,0.0143
"Life, and Nothing More...",11-09-2023,Telugu,0,0.0143
Agent Viper,08-04-2023,Telugu,0,0.0143
Chitrame Idhi Chitrame...,10-03-2023,Telugu,0,0.0143
The Scene: Take 2,06-01-2023,Telugu,0,0.0143
72 Melakartha Ragas,14-12-2023,Telugu,0,0
Breakout,11-04-2023,Telugu,0,0.0071
SAHADEVA,01-09-2023,Telugu,0,0.0071
Vidhi: The Revolution,28-04-2023,Telugu,8,0.0071
Sukhibhava,30-10-2023,Telugu,0,0.0071
Lingoccha,27-10-2023,Telugu,0,0
Ram-Calm,08-04-2023,Telugu,0,0.0071
Devara : Part 1,26-09-2024,Telugu,6.978,32.8742
Pushpa 2 - The Rule,04-12-2024,Telugu,6.662,7.6903
Kalki 2898-AD,26-06-2024,Telugu,6.4,4.9812
Lucky Baskhar,30-10-2024,Telugu,7.5,3.4477
Hanu-Man,11-01-2024,Telugu,6.4,2.5409
Eagle,08-02-2024,Telugu,5.7,1.6943
Prathinidhi 2,10-05-2024,Telugu,0,1.3561
The Family Star,04-04-2024,Telugu,4.5,2.2717
RRR: Behind & Beyond,20-12-2024,Telugu,5.5,1.6097
Guntur Kaaram,11-01-2024,Telugu,5.8,1.6093
Mr Bachchan,15-08-2024,Telugu,3.3,1.071
Saindhav,13-01-2024,Telugu,5.1,0.9732
Gangs of Godavari,31-05-2024,Telugu,5,1.3426
Saripodhaa Sanivaaram,29-08-2024,Telugu,6.8,1.2376
KA,31-10-2024,Telugu,6.7,0.8898
Double iSmart,15-08-2024,Telugu,4.5,1.0029
Matka,14-11-2024,Telugu,5.2,1.1283
Mechanic Rocky,22-11-2024,Telugu,6,0.5817
Purushothamudu,26-07-2024,Telugu,0,0.8307
Aay,15-08-2024,Telugu,6.2,0.8651
Tantra,15-03-2024,Telugu,0,1.0943
Bachhala Malli,20-12-2024,Telugu,6,0.8826
Satyabhama,07-06-2024,Telugu,5.5,0.6534
Mathu Vadalara 2,13-09-2024,Telugu,6.5,0.7879
Harom Hara,14-06-2024,Telugu,7,0.6464
(Tillu)²,29-03-2024,Telugu,6.9,0.6764
Buddy,02-08-2024,Telugu,0,0.79
Manamey,06-06-2024,Telugu,0,1.1255
Viswam,11-10-2024,Telugu,3,0.5747
Aarambham,10-05-2024,Telugu,8,0.9207
Pottel,25-10-2024,Telugu,0,0.6597
Gaami,08-03-2024,Telugu,6.6,0.7287
Sabari,03-05-2024,Telugu,0,0.6677
Razakar: The Silent Genocide of Hyderabad,26-01-2024,Telugu,7,0.4623
Love Me If You Dare,25-05-2024,Telugu,4,0.4311
Kalinga,12-09-2024,Telugu,4,0.4506
Shivam Bhaje,01-08-2024,Telugu,0,0.5395
Naa Saami Ranga,15-01-2024,Telugu,6.2,0.7572
Ilayaraja garitho aa Raathri Prayaanam,04-01-2024,Telugu,0,0.2867
Darling,19-07-2024,Telugu,5,0.3261
Bhaje Vaayu Vegam,31-05-2024,Telugu,6,0.4827
Music Shop Murthy,14-06-2024,Telugu,0,0.4224
Swag,04-10-2024,Telugu,5,0.3901
Om Bheem Bush,21-03-2024,Telugu,5.3,0.3661
Market Mahalakshmi,28-03-2024,Telugu,0,0.2242
Ooru Peru Bhairavakona,16-02-2024,Telugu,6.2,0.3758
Ambajipeta Marriage Band,01-02-2024,Telugu,6,0.4165
Zebra,22-11-2024,Telugu,7.5,0.4262
Bhimaa,08-03-2024,Telugu,2.7,0.3479
Untitled Gummadi Narsaiah Biopic,18-09-2024,Telugu,0,0.4193
Geethanjali Malli Vachindi,11-04-2024,Telugu,10,0.3155
Gam Gam Ganesha,31-05-2024,Telugu,6,0.3457
Dr. A. P. J. Abdul Kalam,11-10-2024,Telugu,0,0.6308
EVOL,15-08-2024,Telugu,4,0.2567
Bootcut Balaraju,02-02-2024,Telugu,0,0.223
Maa Nanna Superhero,11-10-2024,Telugu,6,0.2508
Punar Maranam,24-02-2024,Telugu,0,0.3304
S.I.T Special Investigation Team,10-05-2024,Telugu,0,0.3598
Chaari 111,01-03-2024,Telugu,7,0.2693
THE GRAY,05-07-2024,Telugu,0,0.1858
Aa Okkati Adakku,03-05-2024,Telugu,0,0.2708
Ananya,22-03-2024,Telugu,4,0.1795
Honeymoon Express,21-06-2024,Telugu,0,0.2032
Sarkaaru Noukari,01-01-2024,Telugu,0,0.1817
Bhoothaddam Bhaskar Narayana,01-03-2024,Telugu,6,0.4326
Hide N Seek,20-09-2024,Telugu,0,0.4601
Srikakulam SherlockHolmes,25-12-2024,Telugu,0,0.171
Laggam,25-10-2024,Telugu,5,0.2579
Indrani - Epic1: Dharam vs Karam,14-06-2024,Telugu,0,0.258
Valari,06-03-2024,Telugu,5,0.2729
Yatra 2,08-02-2024,Telugu,0,0.2141
35 - Chinna Katha Kaadu,06-09-2024,Telugu,9,0.2602
Operation Valentine,01-03-2024,Telugu,5.8,0.2728
Sriranga Neethulu,11-04-2024,Telugu,0,0.1654
Sundarakanda,06-09-2024,Telugu,0,0.2475
Janaka Aithe Ganaka,11-10-2024,Telugu,6,0.2649
Dhoom Dhaam,08-11-2024,Telugu,5,0.2205
Veeranjaneyulu Vihara Yatra,14-08-2024,Telugu,0,0.2077
Game On,02-02-2024,Telugu,0,0.1458
Mandira,22-11-2024,Telugu,1,0.192
Aham Reboot,30-06-2024,Telugu,0,0.1346
Maruthi Nagar Subramanyam,23-08-2024,Telugu,6.5,0.1785
Devaki Nandana Vasudeva,22-11-2024,Telugu,7,0.2356
AATMA RAAVE,11-11-2024,Telugu,0,0.147
Tiragabadara Saami,02-08-2024,Telugu,0,0.2121
Rakshana,07-06-2024,Telugu,0,0.2424
Committee Kurrollu,09-08-2024,Telugu,6.6,0.2244
Mangampeta,20-04-2024,Telugu,0,0.2858
Raju Gari Ammayi Naidu Gari Abbayi,09-03-2024,Telugu,0,0.1889
Untitled Vishnuvardhan film,25-12-2024,Telugu,0,0.1166
The Birthday Boy,19-07-2024,Telugu,0,0.1223
Siddharth Roy,23-02-2024,Telugu,3.5,0.371
Bhamakalapam 2,16-02-2024,Telugu,6.8,0.1862
Mix Up,15-03-2024,Telugu,0,0.3475
Appudo Ippudo Eppudo,08-11-2024,Telugu,4,0.1913
Average Student Nani,02-08-2024,Telugu,0,0.1343
AGNISOMA - Embers of Friendship,19-10-2024,Telugu,10,0.1346
Weave of Culture,15-04-2024,Telugu,0,0.1324
Tenant,19-04-2024,Telugu,0,0.1095
Utsavam,11-10-2024,Telugu,0,0.2043
Vey Dharuvey,15-03-2024,Telugu,5,0.1463
Kali,04-10-2024,Telugu,0,0.1477
Jilebi,13-07-2024,Telugu,0,0.1023
Viraaji,02-08-2024,Telugu,0,0.157
OMG: O Manchi Ghost,21-06-2024,Telugu,0,0.0932
Love Mouli,07-06-2024,Telugu,0,0.1163
Bharathanatyam,05-04-2024,Telugu,0,0.1837
Criminal or Devil,24-05-2024,Telugu,0,0.1339
Rush,13-06-2024,Telugu,0,0.1784
Krishnamma,10-05-2024,Telugu,0,0.1161
TRAPPED,27-12-2024,Telugu,10,0.1652
Love Reddy,18-10-2024,Telugu,4,0.1987
Inti Number – 13,01-03-2024,Telugu,0,0.1367
Bhale Unnade,07-09-2024,Telugu,0,0.1715
Raajadhani Files,15-02-2024,Telugu,0,0.1387
Leela Vinodam,19-12-2024,Telugu,0,0.1041
Alanaati Ramachandrudu,02-08-2024,Telugu,0,0.1298
Simbaa,09-08-2024,Telugu,0,0.2381
Nee Dhaarey Nee Katha,14-06-2024,Telugu,0,0.1354
Operation Raavan,26-07-2024,Telugu,0,0.1767
Double Engine,05-01-2024,Telugu,7,0.1644
Drill,16-02-2024,Telugu,0,0.1755
My Dear Donga,18-04-2024,Telugu,0,0.1228
Nindha,21-06-2024,Telugu,0,0.118
Raju Yadav,24-05-2024,Telugu,0,0.0848
Yevam,14-06-2024,Telugu,0,0.1977
Masthu Shades Unnai Ra,23-02-2024,Telugu,8,0.0801
Parijatha Parvam,19-04-2024,Telugu,0,0.1018
Vidya Vasula Aham,17-05-2024,Telugu,0,0.1566
One Not Five Minuttess,26-01-2024,Telugu,0,0.1288
Ramnagar Bunny,04-10-2024,Telugu,0,0.1732
Antheema Theerpu,21-06-2024,Telugu,0,0.1207
Fear,14-12-2024,Telugu,0,0.0762
Ajay Gadu,13-01-2024,Telugu,0,0.0978
Jithender Reddy,08-11-2024,Telugu,0,0.1127
Thalakona,29-03-2024,Telugu,0,0.078
Pekamedalu,19-07-2024,Telugu,7,0.2775
1134,05-01-2024,Telugu,5,0.1043
Dear Nanna,14-06-2024,Telugu,0,0.0759
Happy Ending,02-02-2024,Telugu,9,0.0632
Sundaram Master,16-02-2024,Telugu,0,0.1132
Make a Wish,13-09-2024,Telugu,0,0.0676
Kismat,02-02-2024,Telugu,0,0.0935
Don't Smoke Bro,21-06-2024,Telugu,0,0.0293
Thappinchuku Thiruguvadu Dhanyudu Sumathi,23-01-2024,Telugu,0,0.0529
Aho Vikramaarka!,30-08-2024,Telugu,0,0.0939
Narudi Brathuku Natana,25-10-2024,Telugu,0,0.0592
Sheesh Mahal,14-02-2024,Telugu,0,0.0696
Vyooham,02-03-2024,Telugu,0,0.0621
Telisinavallu,07-11-2024,Telugu,0,0.0549
Prasanna Vadanam,03-05-2024,Telugu,8.25,0.1608
Balu Gani Talkies,04-10-2024,Telugu,0,0.0654
Roti Kapda Romance,28-11-2024,Telugu,0,0.0601
Drinker Sai,27-12-2024,Telugu,0,0.0598
Sandeham,22-06-2024,Telugu,0,0.0464
Black Rose,13-09-2024,Telugu,0,0.0613
Theppa Samudram,19-04-2024,Telugu,4,0.0646
Ee Varam Satyam Gurinchi,11-01-2024,Telugu,0,0.0503
BITCH,24-09-2024,Telugu,0,0.0643
Gorre Puranam,20-09-2024,Telugu,0,0.0701
Parakramam,23-08-2024,Telugu,0,0.0438
Keshava Chandra Ramavath (KCR),22-11-2024,Telugu,0,0.0533
Mukhya Gamanika,23-02-2024,Telugu,0,0.0578
Scarred,24-05-2024,Telugu,0,0.0411
100 Crores,20-09-2024,Telugu,0,0.0386
Chivaraku Migiledi,25-12-2024,Telugu,0,0.0611
Ghana Shyama Sundara,26-01-2024,Telugu,0,0.0404
Usha Parinayam,02-08-2024,Telugu,0,0.0631
Uruku Patela,07-09-2024,Telugu,0,0.0497
Did You Mean It?,28-12-2024,Telugu,0,0.0495
Dheera,02-02-2024,Telugu,0,0.0473
Children of WONDERS : A Song of Two Birds,04-02-2024,Telugu,0,0.0336
Agent Narasimha‐117,31-01-2024,Telugu,0,0.0463
Premalo,26-01-2024,Telugu,0,0.0462
Radhaamadhavam,01-03-2024,Telugu,0,0.0404
Mercy Killing,12-04-2024,Telugu,0,0.0338
Atu Nuvve Itu Nuvve,26-07-2024,Telugu,0,0.0362
Jathara,08-11-2024,Telugu,0,0.0311
Oka Manchi Prema Katha,19-12-2024,Telugu,0,0.0398
Neramu Siksha,02-08-2024,Telugu,0,0.0579
RTI,26-09-2024,Telugu,8.7,0.0418
Sri Sri Sri Raja Vaaru,28-11-2024,Telugu,0,0.0459
Roudhra Rupaya,12-04-2024,Telugu,0,0.0243
Fear,14-12-2024,Telugu,0,0.0362
Shattered Illusions,09-09-2024,Telugu,0,0.0357
Kaliyugam Pattanamlo,29-03-2024,Telugu,0,0.0357
#Lifestories,14-09-2024,Telugu,5,0.0595
Padmavyuham Lo Chakradhari,21-06-2024,Telugu,0,0.0411
Sarangadhariya,31-08-2024,Telugu,0,0.0256
A Goa Tripp...,07-12-2024,Telugu,0,0.0327
SORRY,05-12-2024,Telugu,0,0.0286
Pailam Pilaga,20-09-2024,Telugu,0,0.0286
I Hate Love,16-02-2024,Telugu,0,0.0214
Vivekam: Who Killed Babai,22-03-2024,Telugu,0,0.0071
Repati Velugu,21-11-2024,Telugu,0,0.0239
Director,05-04-2024,Telugu,0,0.0214
Gold No 1,07-06-2024,Telugu,0,0.0193
Detective,26-07-2024,Telugu,6,0.0168
Drama Kaiku Mama,20-11-2024,Telugu,0,0.0168
Avasarama? Ahamkarama!,19-11-2024,Telugu,0,0.0143
Tatva,10-10-2024,Telugu,0,0.0143
Deenamma Jeevitham,05-01-2024,Telugu,0,0.0143
Sweccha,15-03-2024,Telugu,0,0.0143
Rakshavandhi,08-03-2024,Telugu,0,0.0143
Repair,05-07-2024,Telugu,0,0.0071
Runchod Das,30-12-2024,Telugu,0,0.0071
Chalaname Chitram,20-11-2024,Telugu,0,0.0143
Lilly,20-11-2024,Telugu,0,0.0379
Kombat,08-04-2024,Telugu,0,0.0071
Happy Ending,03-05-2024,Telugu,0,0.0071
Laxmi Kataksham,10-05-2024,Telugu,0,0.0571
Gatham,20-11-2024,Telugu,0,0
Cotton Candy: Prelims (volume 1),24-10-2024,Telugu,0,0
Hell is People,06-10-2024,Telugu,0,0
Laila,14-02-2025,Telugu,0,22.4337
Game Changer,09-01-2025,Telugu,4.7,3.6573
Robinhood,28-03-2025,Telugu,5.5,2.6876
Thandel,07-02-2025,Telugu,7.1,2.789
Mad Square,27-03-2025,Telugu,6.8,2.33
Daaku Maharaaj,12-01-2025,Telugu,5.2,2.1534
The Raja Saab,10-04-2025,Telugu,0,1.3873
Sankranthiki Vasthunam,14-01-2025,Telugu,5.9,1.1638
Hari Hara Veera Mallu : Part 1 - Sword vs Spirit,09-05-2025,Telugu,0,0.79
Court - State Vs. A Nobody,14-03-2025,Telugu,7,0.6831
Kannappa,10-04-2025,Telugu,0,0.9688
Mazaka,26-02-2025,Telugu,0,0.6339
Kuberaa,20-06-2025,Telugu,0,0.4049
Jack,10-04-2025,Telugu,0,0.586
Hathya,24-01-2025,Telugu,0,0.5293
Kingdom,30-05-2025,Telugu,0,0.4455
Mirai,01-08-2025,Telugu,0,0.4164
HIT: The Third Case,01-05-2025,Telugu,0,0.4107
Sarangapani Jathakam,18-04-2025,Telugu,0,0.3646
Dilruba,14-03-2025,Telugu,0,0.2731
Gandhi Tatha Chettu,24-01-2025,Telugu,0,0.3102
Mass Jathara,09-05-2025,Telugu,0,0.2697
LYF - Love Your Father,04-04-2025,Telugu,0,0.373
Mokshapatam,14-01-2025,Telugu,7,0.3326
Ranganaayaki,01-08-2025,Telugu,0,0.3183
Akhanda 2: Thaandavam,25-09-2025,Telugu,0,0.2449
Ramam Raghavam,21-02-2025,Telugu,0,0.2161
Pelli Kaani Prasad,21-03-2025,Telugu,0,0.2004
Sambarala Yetti Gattu,25-09-2025,Telugu,0,0.1799
Ghaati,18-04-2025,Telugu,0,0.2344
Neeli Megha Shyama,08-01-2025,Telugu,0,0.1399
Legally Veer,07-03-2025,Telugu,0,0.1315
Baapu - A Father's Story,07-03-2025,Telugu,0,0.1883
Madhushala,31-03-2025,Telugu,0,0.1754
Brahma Anandam,14-02-2025,Telugu,4.5,0.1025
Racharikam,01-02-2025,Telugu,0,0.0702
Tuk Tuk,21-03-2025,Telugu,0,0.1402
Shivangi Lioness,07-03-2025,Telugu,0,0.0695
Thala,14-02-2025,Telugu,0,0.0858
14 Days (Girlfriend Intlo),07-03-2025,Telugu,5,0.3727
Pothugadda,30-01-2025,Telugu,0,0.0895
28 Degree Celsius,04-04-2025,Telugu,0,0.136
Coffee With A Killer,30-01-2025,Telugu,0,0.0904
BHEEM-A,25-01-2025,Telugu,8,0.086
Anaganaga Australia Lo,21-03-2025,Telugu,0,0.094
Love Is In The Vamsham,02-02-2025,Telugu,0,0.0535
Takita Tadimi Tandana,27-02-2025,Telugu,0,0.0454
Friday,03-01-2025,Telugu,0,0.0379
Gopi Galla Goa Trip,31-01-2025,Telugu,0,0.0168
Wife Off,23-01-2025,Telugu,0,0.0261
Mounaraagam,14-03-2025,Telugu,0,0.0214
Punishment,02-02-2025,Telugu,0,0.0143
Gunde Nunchi,21-02-2025,Telugu,0,0.0168
FIGMENT,19-03-2025,Telugu,0,0.0143
AVADHI THE TALE OF LOVE,02-01-2025,Telugu,0,0.0143
Haaksha,20-03-2025,Telugu,0,0.0071
NTR Neel,09-01-2026,Telugu,0,0.4511
The Paradise,26-03-2026,Telugu,0,0.202
Suriya 46,10-04-2026,Telugu,0,0.2249
Kohinoor,15-01-2026,Telugu,0,0.0493
